"author_id";"author_name"
1794;"마포농수산쎈타 "
1795;"흔한남매 "
1796;"김덕진 (옮긴이)"
1797;"정지아 "
1798;"김난도"
1799;"김혜남 "
1800;"류은진"
1801;"설민석"
1802;"김금희 "
1803;"조국 "
1804;"신형철 "
1805;"케빈 강"
1806;"김호연 "
1807;"야츠다 테키 "
1808;"장재형 "
1809;"이지수"
1810;"에디 리 "
1811;"데이비드 리빙스턴 스미스 "
1812;"자청 "
1813;"흔한남매 (원작)"
1814;"김훈 "
1815;"히로시마 레이코 "
1816;"부동산읽어주는남자"
1817;"이은경 "
1818;"김영민 "
1819;"ETS (엮은이)"
1820;"발타자르 그라시안 "
1821;"박정부 "
1822;"이민진 "
1823;"지나영 "
1824;"미도리카와 유키 "
1825;"고명환 "
1826;"한국부동산원 "
1827;"룰루 밀러 "
1828;"도요후쿠 마키코 "
1829;"주봄 "
1830;"David Cho "
1831;"비욘 나티코 린데블라드 "
1832;"백수린 "
1833;"채사장"
1834;"김연수 "
1835;"칩 히스"
1836;"리 매킨타이어 "
1837;"게리 켈러"
1838;"에드 마일렛 "
1839;"유대영 "
1840;"샌드라 길버트"
1841;"진은영 "
1842;"이병률 "
1843;"YUJU "
1844;"아오야마 고쇼 "
1845;"요네자와 호노부 "
1846;"이현 "
1847;"정세랑 "
1848;"엄유진 "
1849;"박찬욱"
1850;"데이먼 자하리아데스 "
1851;"쩡찌 "
1852;"앤절라 더크워스 "
1853;"천현우 "
1854;"가바사와 시온 "
1855;"허지웅 "
1856;"김영하 "
1857;"강해준 "
1858;"아사기리 카프카 "
1859;"라오어 "
1860;"헤르만 헤세 "
1861;"레오"
1862;"아베 야로 "
1863;"김미영 "
1864;"안젤라 애커만"
1865;"홍덕 "
1866;"안예은 "
1867;"조예은 "
1868;"전극진 "
1869;"도나 해러웨이 "
1870;"김다슬 "
1871;"에런 레이놀즈 "
1872;"폴 데이비스 "
1873;"유선경 "
1874;"메리 도리아 러셀 "
1875;"오건영 "
1876;"최재천"
1877;"스푼 "
1878;"피에르 바야르 "
1879;"서윤빈"
1880;"무라세 다케시 "
1881;"레이 달리오 "
1882;"정재은"
1883;"김지혜 "
1884;"나가노 "
1885;"강경수 "
1886;"이선재 "
1887;"임솔아"
1888;"전민희 "
1889;"신혜우 "
1890;"정보라 "
1891;"오은영 "
1892;"베르나르 베르베르 "
1893;"히라코 와카 "
1894;"와야마 야마 "
1895;"Roal "
1896;"멜 로빈스 "
1897;"루리 "
1898;"안치현 "
1899;"잭파시"
1900;"세이카 료겐 "
1901;"손웅정 "
1902;"최은영 "
1903;"노희경 "
1904;"최태성 "
1905;"서영조 "
1906;"김지수 "
1907;"박해영 "
1908;"존 로날드 로웰 톨킨 "
1909;"슬리피-C "
1910;"우루시바라 유라 "
1911;"브라이언 시블리 "
1912;"에그박사 "
1913;"아이다이로 "
1914;"게리 바이너척 "
1915;"황보름 "
1916;"김미경"
1917;"모건 하우절 "
1918;"NAOE "
1919;"아트 슈피겔만 "
1920;"렌조 미키히코 "
1921;"아쿠타미 게게 "
1922;"ONE "
1923;"자목 "
1924;"홍민정 "
1925;"에리히 프롬 "
1926;"그레고리 맨큐 "
1927;"이어령 "
1928;"이해인 "
1929;"김원아 "
1930;"박시백 "
1931;"데일 카네기 "
1932;"James Stewart "
1933;"미셸 자우너 "
1934;"박준철 "
1935;"Raymond A. Serway"
1936;"요시타케 신스케 "
1937;"켈리 최 "
1938;"문동균 "
1939;"김초엽 "
1940;"와쿠이 켄 "
1941;"로버트 기요사키 "
1942;"유시민 "
1943;"오다 에이치로 "
1944;"김리리 "
1945;"내셔널지오그래픽 키즈 "
1946;"안녕달 "
1947;"손석희 "
1948;"송길영 "
1949;"강환국 "
1950;"김영숙 "
1951;"사쿠라이 노리오 "
1952;"이미예 "
1953;"에릭 와이너 "
1954;"J.K. 롤링 "
1955;"최승자 "
1956;"강미강 "
1957;"구병모 "
1958;"파스칼 브뤼크네르 "
1959;"성소라"
1960;"최종엽 "
1961;"은현장 "
1962;"주식농부 박영옥 "
1963;"황선우 "
1964;"김도윤 "
1965;"한은호 "
1966;"표도르 도스토옙스키 "
1967;"리사 아이사토 "
1968;"김세희"
1969;"미스테리아 편집부 "
1970;"성현우"
1971;"한강 "
1972;"아카사카 아카 "
1973;"황정은"
1974;"다움북클럽 "
1975;"정지영 "
1976;"장명숙 "
1977;"브라이언 헤어"
1978;"미즈호 쿠사나기 "
1979;"이치조 미사키 "
1980;"송희구 "
1981;"정유정 "
1982;"오종태 "
1983;"히가시노 게이고 "
1984;"박세익 "
1985;"이사야마 하지메 "
1986;"변덕 "
1987;"English Textbook Committee "
1988;"리사 펠드먼 배럿 "
1989;"니콜 르페라 "
1990;"김윤정 (글)"
1991;"매트 헤이그 "
1992;"요나스 요나손 "
1993;"나씨 "
1994;"소이현"
1995;"와타리 와타루 "
1996;"정은궐 "
1997;"안상순 "
1998;"엄정선"
1999;"박병창 "
2000;"호리코시 코헤이 "
2001;"안규철 "
2002;"김소영 "
2003;"강원국 "
2004;"미니 박지우 "
2005;"전하영"
2006;"김진명 "
2007;"이낙연 "
2008;"프레드릭 배크만 "
2009;"양희은 "
2010;"동아출판(참고서) 편집부 (엮은이)"
2011;"카모시다 하지메 "
2012;"캐럴라인 냅 "
2013;"구도 노리코 "
2014;"헨리 데이비드 소로 "
2015;"너나위 "
2016;"미야베 미유키 "
2017;"김지영 "
2018;"천효정 "
2019;"천장팅 "
2020;"이선재"
2021;"유현준 "
2022;"켄 리우"
2023;"고토게 코요하루 "
2024;"잠뜰TV (원작)"
2025;"태 켈러 "
2026;"호보닛칸이토이신문 (엮은이)"
2027;"서이레 "
2028;"해윤 "
2029;"나윤희 "
2030;"임경선 "
2031;"염승환 "
2032;"마우로 F. 기옌 "
2033;"루트 암만"
2034;"박완서 "
2035;"박시연 "
2036;"마이클 샌델 "
2037;"김정환"
2038;"류승재 "
2039;"빌 게이츠 "
2040;"장우진 "
2041;"짐 퀵 "
2042;"마거릿 애트우드 "
2043;"심채경 "
2044;"정여울 "
2045;"Lawrence J. Zwier "
2046;"박민수"
2047;"로런스 앨리슨"
2048;"제프 베조스 "
2049;"김려령"
2050;"존 D. 터너"
2051;"뉴욕주민 "
2052;"마스터유진 "
2053;"김종봉"
2054;"김신지 "
2055;"이동기 "
2056;"무라카미 하루키 "
2057;"전예진 "
2058;"류시화 (엮은이)"
2059;"모드 쥘리앵 "
2060;"장강명 "
2061;"짐 로저스 "
2062;"조원재 "
2063;"메리 올리버 "
2064;"이석원 "
2065;"기욤 뮈소 "
2066;"이한영"
2067;"마크 포사이스 "
2068;"최정희"
2069;"김승호 "
2070;"최영기 "
2071;"송희창"
2072;"존 리 "
2073;"김유진 "
2074;"이연주 "
2075;"유발 하라리 (원작)"
2076;"조윤제 "
2077;"서안정 "
2078;"박영숙"
2079;"박성혁 "
2080;"윤재수 "
2081;"네모아저씨 이원표 "
2082;"강양구"
2083;"임작가 "
2084;"장기하 "
2085;"손원평 "
2086;"전홍진 "
2087;"후카야 아키라"
2088;"김미경 "
2089;"박막례"
2090;"이지음 "
2091;"안네 스베르드루프-튀게손 "
2092;"김완 "
2093;"엘레나 페란테 "
2094;"천선란 "
2095;"전한길 "
2096;"채상욱 "
2097;"이서윤"
2098;"조현아 "
2099;"안희경 "
2100;"김민형 "
2101;"리드 헤이스팅스"
2102;"목원대학교 교양국어 교재편찬위원회 "
2103;"아현 "
2104;"김수현 "
2105;"김이나 "
2106;"정채진"
2107;"강화길"
2108;"김용섭 "
2109;"김현수 "
2110;"윌 스토 "
2111;"사피 바칼 "
2112;"제이슨 솅커 "
2113;"앙투안 드 생텍쥐페리 "
2114;"무루"
2115;"조남주 "
2116;"박소연 "
2117;"토마 피케티 "
2118;"강혜빈 "
2119;"파울로 코엘료 "
2120;"에쿠니 가오리 "
2121;"황석영 "
2122;"팀 마샬 "
2123;"이소영 "
2124;"윤성희"
2125;"알베르 카뮈 "
2126;"정주영 "
2127;"로버트 아이거 "
2128;"이도우 "
2129;"루이자 메이 올콧 "
2130;"후루다테 하루이치 "
2131;"윤희솔 "
2132;"신태훈"
2133;"권여선 "
2134;"채사장 "
2135;"랜들 먼로 "
2136;"데이비드 S. 키더"
2137;"웬디 우드 "
2138;"정재찬 "
2139;"설민석 "
2140;"태수"
2141;"공지영 "
2142;"트롤 "
2143;"청낙원 "
2144;"사경인 "
2145;"올리버 색스 "
2146;"봉준호 "
2147;"스콧 영 "
2148;"정희진 "
2149;"길벗 R&D"
2150;"전승환 "
2151;"이지훈 "
2152;"한스 로슬링"
2153;"칼 세이건 "
2154;"나태주 "
2155;"이신화 "
2156;"차니"
2157;"EBS"
2158;"다카라지마사 "
2159;"이삼 집사 "
2160;"이지성 "
2161;"김학렬 "
2162;"필리스 나지 "
2163;"황인찬 "
2164;"법륜 "
2165;"장류진 "
2166;"리처드 H. 탈러"
2167;"재레드 다이아몬드 "
2168;"제시카 줄리어스 "
2169;"최승필 "
2170;"김락희 "
2171;"리처드 도킨스 "
2172;"편혜영"
2173;"포터 스타일 "
2174;"후세 "
2175;"정소연"
2176;"임홍택 "
2177;"스티븐 R. 건드리 "
2178;"글배우 "
2179;"리안 모리아티 "
2180;"허교범 "
2181;"올가 토카르추크 "
2182;"고미숙 "
2183;"이슬아 "
2184;"유발 하라리 "
2185;"브라운스톤 "
2186;"시이나 카루호 "
2187;"젠 왕 "
2188;"톰 오브라이언 "
2189;"박상진 "
2190;"은희경 "
2191;"묵향동후 "
2192;"게일 허니먼 "
2193;"이영훈"
2194;"한미화 "
2195;"우미노 치카 "
2196;"로버트 그린 "
2197;"루시 모드 몽고메리 "
2198;"덕규 "
2199;"박상영 "
2200;"테드 창 "
2201;"제임스 클리어 "
2202;"이정명 "
2203;"메리 파이퍼 "
2204;"김애란 "
2205;"로마 아그라왈 "
2206;"조정래 "
2207;"이명로"
2208;"홍춘욱 "
2209;"난다 "
2210;"최재붕 "
2211;"심보선 "
2212;"박상영"
2213;"윤우상 "
2214;"모리 카오루 "
2215;"매리언 울프 "
2216;"나카무라 요시키 "
2217;"야쿠마루 가쿠 "
2218;"앤드루 포터 "
2219;"키누가사 쇼고 "
2220;"정정혜 "
2221;"남인숙 "
2222;"나가츠키 탓페이 "
2223;"누마가사 와타리 "
2224;"타치바나 코우시 "
2225;"쓰루타니 가오리 "
2226;"정혜신 "
2227;"하라다 "
2228;"김용옥 "
2229;"강지현 "
2230;"김경수 "
2231;"사사키 후미오 "
2232;"야마구치 슈 "
2233;"하리보 "
2234;"KBS 명견만리 제작진 "
2235;"김하나"
2236;"김종원 "
2237;"혜민 "
2238;"유발 하라리"
2239;"류시화 "
2240;"황정은 "
2241;"고종훈 "
2242;"김승섭 "
2243;"셀레스트 헤들리 "
2244;"댄 애리얼리"
2245;"삼촌 "
2246;"우나영 "
2247;"김중근 "
2248;"밀란 쿤데라 "
2249;"유지원 "
2250;"이국종 "
2251;"김세희 "
2252;"앤드루 산텔라 "
2253;"시미즈 켄지"
2254;"유성호 "
2255;"김노을 "
2256;"하정우 "
2257;"이창수 "
2258;"조던 B. 피터슨 "
2259;"박준 "
2260;"미셸 오바마 "
2261;"한강"
2262;"김수미"
2263;"김상욱 "
2264;"샤를 피에르 보들레르 "
2265;"백세희 "
2266;"윤승현 "
2267;"정재승 "
2268;"송숙희 "
2269;"세발자전거 편집부 "
2270;"올리버 샨 그랜트 "
2271;"번지 "
2272;"헥터 맥도널드 "
2273;"민음사 편집부 "
2274;"김원욱 "
2275;"하완 "
2276;"김지아 "
2277;"헤윰 "
2278;"움베르토 에코 "
2279;"아고타 크리스토프 "
2280;"유홍준 "
2281;"댈러스 캠벨 "
2282;"이옥남 "
2283;"패티 스미스 "
2284;"황농문 "
2285;"마루야마 쿠가네 "
2286;"해커스어학연구소 "
2287;"윤종신 "
2288;"정세원 "
2289;"문유석 "
2290;"이경미 "
2291;"배아이 "
2292;"청울림 "
2293;"민서영 "
2294;"황현산 "
2295;"윤종혁"
2296;"애니 듀크 "
2297;"곰돌이 푸 (원작)"
2298;"제임스 도티 "
2299;"태영호 "
2300;"박민정"
2301;"곽재식 "
2302;"노무현"
2303;"다자이 오사무 "
2304;"하태완 "
2305;"김영익 "
2306;"앨릭스 코브 "
2307;"이케다 히로아키 "
2308;"더휴먼 편집부 "
2309;"베르톨트 브레히트"
2310;"정문정 "
2311;"토가시 요시히로 "
2312;"최숙희 "
2313;"김정연 "
2314;"박진영 "
2315;"골든애플글로벌 편집부 "
2316;"김윤나 "
2317;"미하이 칙센트미하이 "
2318;"아즈마 키요히코 "
2319;"프란치스카 무리 "
2320;"이영경 "
2321;"문재인 "
2322;"투리드 루가스 "
2323;"타무라 유미 "
2324;"팀 페리스 "
2325;"호프 자런 "
2326;"윤석금 "
2327;"앤디 그리피스 "
2328;"님 웨일즈"
2329;"나쓰카와 소스케 "
2330;"한동일 "
2331;"아카츠키 나츠메 "
2332;"박성우 "
2333;"레이철 폴락 "
2334;"문태준 "
2335;"마크 맨슨 "
2336;"고바야시 야스미 "
2337;"정은우 "
2338;"애나 메리 로버트슨 모지스 "
2339;"수신지 "
2340;"한재우 "
2341;"만물상 "
2342;"메이브 빈치 "
2343;"기예르모 델 토로"
2344;"마루토 후미아키 "
2345;"이기주 "
2346;"지석영"
2347;"서미애 "
2348;"앤디 위어 "
2349;"마이클 부스 "
2350;"김영철"
2351;"민준호 "
2352;"요시나가 후미 "
2353;"조남주"
2354;"댄 브라운 "
2355;"유병재 "
2356;"츠바키 이즈미 "
2357;"이와이 도시오 "
2358;"도대체 "
2359;"가즈오 이시구로 "
2360;"서정학"
2361;"컴투게더 노트연구회 "
2362;"Koi "
2363;"타샤 튜더 "
2364;"인텔리전트 체인지 "
2365;"마스다 무네아키 "
2366;"리브 콘스탄틴 "
2367;"고구레 다이치 "
2368;"문성현 "
2369;"이적 "
2370;"배수아 "
2371;"스튜어트 다이아몬드 "
2372;"주진우 "
2373;"무레 요코 "
2374;"타샤 튜더"
2375;"J. D. 밴스 "
2376;"미카미 엔 "
2377;"KBS '명견만리' 제작진 "
2378;"윤홍균 "
2379;"김신회 "
2380;"앤서니 브라운 "
2381;"치마만다 응고지 아디치에 "
2382;"김보통 "
2383;"온다 리쿠 "
2384;"윤한 "
2385;"리베카 솔닛 "
2386;"소노 아야코 "
2387;"야마자키 마리 "
2388;"아베 미유키 "
2389;"오즈 야스지로 "
2390;"올댓스토리 "
2391;"롭 무어 "
2392;"오기와라 히로시 "
2393;"TIME"
2394;"James M. Vardaman "
2395;"김승민 "
2396;"이다혜 "
2397;"줄리언 반스 "
2398;"히라노 게이치로 "
2399;"임현"
2400;"카와하라 레키 "
2401;"이가라시 미키오 "
2402;"최영환 "
2403;"히츠지 타로 "
2404;"백희나 "
2405;"자와할랄 네루 "
2406;"이와아키 히토시 "
2407;"정희재 "
2408;"네이선 윌리엄스 "
2409;"이동진 "
2410;"정연 "
2411;"스티븐 킹 "
2412;"카규 쿠모 "
2413;"일자 샌드 "
2414;"고영성"
2415;"제프 샌더스 "
2416;"김용택 "
2417;"전효진 "
2418;"허5파6 "
2419;"김민식 "
2420;"톤 텔레헨 "
2421;"손진숙 "
2422;"안보윤"
2423;"보후밀 흐라발 "
2424;"록산 게이 "
2425;"CHIROLU "
2426;"한병철 "
2427;"카트리네 마르살 "
2428;"이민경 "
2429;"ETS "
2430;"J.K. 롤링"
2431;"서천석 "
2432;"김제동 "
2433;"요네다 코우 "
2434;"로맹 가리 "
2435;"에밀 아자르 "
2436;"카미야 유우 "
2437;"폴 칼라니티 "
2438;"유은정 "
2439;"기시미 이치로"
2440;"강성태 "
2441;"김정선 "
2442;"무라타 사야카 "
2443;"윤동주 "
2444;"차병직"
2445;"율라 비스 "
2446;"새벽달"
2447;"홍인혜 "
2448;"민유경 (그림)"
2449;"백영옥 "
2450;"주진우"
2451;"윤태영 "
2452;"그레첸 루빈 "
2453;"알랭 드 보통 "
2454;"페터 회 "
2455;"제페토 "
2456;"미호 편집부 (엮은이)"
2457;"신영준 "
2458;"퍼엉 "
2459;"오모리 후지노 "
2460;"김중혁 "
2461;"피터 스완슨 "
2462;"김도인 "
2463;"수전 젠켈 "
2464;"시라코메 료 "
2465;"동화 "
2466;"마셜 골드스미스"
2467;"고영성 "
2468;"삼성출판사 편집부 (엮은이)"
2469;"조조 모예스 "
2470;"윤동한 "
2471;"버지니아 울프 "
2472;"세라 워터스 "
2473;"제인 오스틴 "
2474;"에밀리 브론테 "
2475;"히노 에이타로 "
2476;"이다 "
2477;"박웅현 "
2478;"김금희"
2479;"찰스 두히그 "
2480;"박혜란"
2481;"우에노 지즈코 "
2482;"최진기"
2483;"키네코 시바이 "
2484;"히다카 쇼코 "
2485;"나카무라 아스미코 "
2486;"신상훈 "
2487;"백석 "
2488;"신영복 "
2489;"김소월 "
2490;"매트 졸러 세이츠 "
2491;"할 엘로드 "
2492;"카타리나 잉엘만순드베리 "
2493;"원보람 "
2494;"이기호 "
2495;"문학동네 편집부 (엮은이)"
2496;"타카라이 리히토 "
2497;"쿠이 료코 "
2498;"하퍼 리 "
2499;"윤대녕 "
2500;""
2501;"케빈 헹크스 "
2502;"러셀 로버츠 "
2503;"사이토 다카시 "
2504;"신정철 "
2505;"마스다 미리 "
2506;"스베틀라나 알렉시예비치 "
2507;"무적핑크 "
2508;"선대인 "
2509;"J.M. 바스콘셀로스 "
2510;"교고쿠 나츠히코 "
2511;"EBS 지식채널ⓔ "
2512;"김영란 "
2513;"이지성"
2514;"장하성 "
2515;"백종원 "
2516;"민새롬 "
2517;"야마구찌 마유 "
2518;"레이먼드 카버 "
2519;"요시다 아키미 "
2520;"김은주 (글)"
2521;"카트린 지타 "
2522;"고가 후미타케 "
2523;"고레에다 히로카즈 "
2524;"헬렌 맥도널드 "
2525;"악스트 편집부 (엮은이)"
2526;"스켑틱 협회 편집부 (엮은이)"
2527;"이기숙 "
2528;"폴라 호킨스 "
2529;"사노 요코 "
2530;"심윤서 "
2531;"오노 후유미 "
2532;"호르헤 루이스 보르헤스"
2533;"김달 "
2534;"정지돈"
2535;"김선현 "
2536;"야마구치 마유 "
2537;"최규석 "
2538;"키시모토 마사시 "
2539;"오카다 다카시 "
2540;"가스 캘러헌 "
2541;"송도수 (글)"
2542;"애슐리 반스 "
2543;"너바나 "
2544;"미겔 앙헬 캄포도니코 "
2545;"웨이슈잉 "
2546;"노무현재단"
2547;"이오덕"
2548;"오쿠다 히데오 "
2549;"래리 킹 "
2550;"엘렌 심 "
2551;"프란치스카 비어만 "
2552;"조해너 배스포드 "
2553;"416세월호참사 작가기록단 (엮은이)"
2554;"이마 이치코 "
2555;"E. L. 제임스 "
2556;"류성룡 "
2557;"한비야 "
2558;"노경원"
2559;"기시미 이치로 "
2560;"로버트 스티븐 캐플런 "
2561;"로버트 치알디니"
2562;"박광수 (엮은이)"
2563;"칼 필레머 "
2564;"칼 비테 "
2565;"김숨"
2566;"법정"
2567;"하츠 아키코 "
2568;"제롬 글렌"
2569;"피터 틸"
2570;"아라카와 히로무 "
2571;"윤태호 "
2572;"용대운 "
2573;"이혜영 "
2574;"김정운 "
2575;"GAINAX "
2576;"길리언 플린 "
2577;"강상구 "
2578;"후시미 츠카사 "
2579;"스윙스 "
2580;"미겔 데 세르반테스 사아베드라 "
2581;"그리고책 편집부 (엮은이)"
2582;"이환 "
2583;"더글라스 케네디 "
2584;"인간실격 "
2585;"김유미 "
2586;"이근후 "
2587;"파트릭 모디아노 "
2588;"이노 "
2589;"조주희 "
2590;"원철 "
2591;"김연주 "
2592;"강신주 "
2593;"마이크 스미스 "
2594;"셰릴 스트레이드 "
2595;"히로야마 히로시 "
2596;"존 그린 "
2597;"로라 오버덱 "
2598;"장하준 "
2599;"이현주"
2600;"우석훈 "
2601;"로이스 로리 "
2602;"양창순 "
2603;"마리안느 머스그로브 "
2604;"신장섭 "
2605;"프랑수아 를로르 "
2606;"최성우 "
2607;"오카자키 다케시 "
2608;"칠십 명의 시인 "
2609;"김진국 "
2610;"요 네스뵈 "
2611;"최성우"
2612;"신준모 "
2613;"천명관 "
2614;"리차드 플랫 "
2615;"앤드루 소벨"
2616;"더글러스 애덤스 "
2617;"고종석 "
2618;"이상훈 "
2619;"오영석 "
2620;"윤슬 "
2621;"김선미 "
2622;"신현림 (엮은이)"
2623;"호아킴 데 포사다"
2624;"신의진 "
2625;"줄리언 반스"
2626;"김려령 "
2627;"글공작소 "
2628;"김병수 "
2629;"박신영 "
2630;"토베 얀손 "
2631;"정바비 "
2632;"도종환"
2633;"진중권 "
2634;"노리나 허츠 "
2635;"존 네핑저"
2636;"케이트 디카밀로 "
2637;"Sarah Nathan"
2638;"예림아이 편집부 (엮은이)"
2639;"김연아 "
2640;"에릭 시노웨이"
2641;"도러시아 브랜디 "
2642;"말콤 글래드웰 "
2643;"롤프 도벨리 "
2644;"남세희"
2645;"넬레 노이하우스 "
2646;"앨리스 먼로 "
2647;"도쓰카 다카마사 "
2648;"월트 디즈니사 "
2649;"애거사 크리스티 "
2650;"오동석 "
2651;"창랑"
2652;"주부의벗사 "
2653;"빈센트 반 고흐 "
2654;"강윤혜"
2655;"이현세 "
2656;"EBS 문명과 수학 제작팀 "
2657;"호즈미 "
2658;"캐럴라인 조핸슨 (그림)"
2659;"조 내버로"
2660;"알랭 드 보통"
2661;"니코스 카잔자키스 "
2662;"최갑수 "
2663;"조윤경 "
2664;"수잔 콜린스 "
2665;"도미니크 로로 "
2666;"김형경 "
2667;"하노 벡 "
2668;"공자 "
2669;"Highlights 편집부 "
2670;"로버트 갤브레이스 "
2671;"레이먼드 조 "
2672;"김진애 "
2673;"장 지글러 "
2674;"EBS 역사채널ⓔ "
2675;"조재길 "
2676;"바스티앙 비베스 "
2677;"기무라 유이치 "
2678;"태원준 "
2679;"켈리 맥고니걸 "
2680;"월터 아이작슨 "
2681;"허영만 "
2682;"박용후 "
2683;"시오노 나나미 "
2684;"최정화 "
2685;"마이클 더다 "
2686;"임경배 "
2687;"유진 피터슨 "
2688;"해커스어학연구소 편집부 (엮은이)"
2689;"이시부미 이치에이 "
2690;"조엘 디케르 "
2691;"프랜시스 스콧 피츠제럴드 "
2692;"샘 혼 "
2693;"신경숙 "
2694;"아라키 히로히코 "
2695;"임종한 "
2696;"안재경 "
2697;"크리스티나 비외르크 "
2698;"송도수 "
2699;"프레드 반렌트 "
2700;"제임스 마커스 바크 "
2701;"시미즈 레이코 "
2702;"김월희 "
2703;"곤도 마리에 "
2704;"요코야마 히데오 "
2705;"박범신 "
2706;"강신주"
2707;"HUN "
2708;"국사편찬위원회"
2709;"이븐 알렉산더 "
2710;"헬레나 노르베리-호지 "
2711;"공선옥"
2712;"백일성 "
2713;"추혜연 "
2714;"E. B. 화이트 "
2715;"전대식 "
2716;"박창모 "
2717;"김선영 "
2718;"발터 뫼르스 "
2719;"이화승 (엮은이)"
2720;"최수근 "
2721;"빅토르 위고 "
2722;"강신재 "
2723;"강세형 "
2724;"리어 키스 "
2725;"강수진 "
2726;"시니 "
2727;"함민복 "
2728;"이현우 "
2729;"신시아 A. 몽고메리 "
2730;"강풀 "
2731;"임윤택 "
2732;"셸리 케이건 "
2733;"나구모 요시노리 "
2734;"이신애 "
2735;"김난도 "
2736;"이외수 "
2737;"고재학 "
2738;"레프 톨스토이 "
2739;"우노 다카시 "
2740;"요한 볼프강 폰 괴테 "
2741;"문학의숲 편집부 (엮은이)"
2742;"헤더 어메리 (글)"
2743;"조성희"
2744;"니코스 카잔차키스 "
2745;"장석주 "
2746;"정목 "
2747;"이희재 "
2748;"카레곰 "
2749;"김수영 "
2750;"차드 멩 탄 "
2751;"사이토 미에코 "
2752;"DemiDec "
2753;"아사노 하지메 "
2754;"코너 우드먼 "
2755;"크리스 길아보 "
2756;"유우지 유우지 "
2757;"안철수 "
2758;"정철연 "
2759;"도올 김용옥 "
2760;"카넬 "
2761;"E L 제임스 "
2762;"요시모토 바나나 "
2763;"윤선현 "
2764;"남희성 "
2765;"어니스트 헤밍웨이 "
2766;"수전 케인 "
2767;"줄리 데이비 "
2768;"이시카와 마리코 "
2769;"진중권"
2770;"박기복 "
2771;"류세린 "
2772;"전성철 "
2773;"김두식 "
2774;"제러미 리프킨 "
2775;"강유원 "
2776;"홍정훈 "
2777;"이효리 "
2778;"롬 인터내셔널 "
2779;"고봉익"
2780;"사사키 다케시 "
2781;"아이소라 만타 "
2782;"EBS 60분 부모 제작팀 "
2783;"안도현 "
2784;"권율 "
2785;"곰돌이 co. "
2786;"법륜"
2787;"차동엽 "
2788;"로타르 J. 자이베르트"
2789;"정도언 "
2790;"윌리엄 스트렁크 "
2791;"이서영 "
2792;"김은지 "
2793;"백선엽 "
2794;"EBS &lt;마더쇼크&gt; 제작팀 (엮은이)"
2795;"박경철 "
2796;"김형수 "
2797;"박영규 "
2798;"최정금"
2799;"김어준 "
2800;"우에키 리에 "
2801;"나카무라 히카루 "
2802;"정봉주 "
2803;"온유 "
2804;"최문희 "
2805;"김용민 "
2806;"정설아 "
2807;"안철수"
2808;"김여진"
2809;"신정근 "
2810;"마지 슈조 "
2811;"SBS 스페셜 제작팀 "
2812;"네온비 "
2813;"쑥쑥닷컴 영어교육연구소 "
2814;"신동준 "
2815;"신현신 "
2816;"월터 윅 "
2817;"가모시타 이치로 "
2818;"권비영 "
2819;"토박이 사전 편찬실 (엮은이)"
2820;"스튜디오 시리얼 "
2821;"이철우 "
2822;"김병만 "
2823;"사라 밴 브레스낙 "
2824;"황선미 "
2825;"이민아 "
2826;"우명"
2827;"김명미 "
2828;"문은희 "
2829;"조정연 "
2830;"미야니시 다쓰야 "
2831;"박옥수 "
2832;"가네시로 카즈키 "
2833;"최인호 "
2834;"구본석 "
2835;"곰돌이 co. (글)"
2836;"조안호 "
2837;"린 빈센트"
2838;"이태혁 "
2839;"이상배 (글)"
2840;"백지연 "
2841;"숀리 "
2842;"다니엘 앨트먼 "
2843;"양현"
2844;"리처드 라이더"
2845;"고경호 "
2846;"김형규 "
2847;"캐스린 스토킷 "
2848;"이와사키 나쓰미 "
2849;"유진 "
2850;"Ellie Oh"
2851;"정혜신"
2852;"김창대 "
2853;"박성철 "
2854;"조르주 심농 "
2855;"박철범 "
2856;"조벽"
2857;"코이케 류노스케 "
2858;"권정생 (글)"
2859;"황광우 "
2860;"신철희 "
2861;"바오"
2862;"존 스티븐슨 "
2863;"이형진 "
2864;"정호승 "
2865;"이태석 "
2866;"신웅진 "
2867;"전옥표 "
2868;"이현욱"
2869;"미나토 가나에 "
2870;"서보건 "
2871;"이안 팔코너 "
2872;"박칼린 "
2873;"사교육걱정없는세상 (엮은이)"
2874;"닉 부이치치 "
2875;"오구라 히로시 "
2876;"오쿠시 아유미 "
2877;"글로리아 휴스턴 "
2878;"나라 요시토모 "
2879;"리카 파카라 "
2880;"티나 실리그 "
2881;"박민규 "
2882;"김하중 "
2883;"오연호"
2884;"토드 홉킨스"
2885;"김종훈 "
2886;"앨버트 O. 허시먼 "
2887;"박재희 "
2888;"박은몽 "
2889;"권순우"
2890;"할레드 호세이니 "
2891;"짐 콜린스 "
2892;"한상복"
2893;"강병욱 "
2894;"레이프 에스퀴스 "
2895;"이원복 "
2896;"리스 하스아우트 "
2897;"포 브론슨"
2898;"김대중 "
2899;"스티브 도나휴 "
2900;"어윤대 "
2901;"셀러오 "
2902;"비키 마이런"
2903;"팀 하포드 "
2904;"에카르트 폰 히르슈하우젠 "
2905;"박광희"
2906;"이사카 고타로 "
2907;"원미령 "
2908;"반재원 "
2909;"구현 "
2910;"샘 고슬링 "
2911;"노무현 "
2912;"다카시마 데쓰지 "
2913;"박광수 "
2914;"데이비드 클라크"
2915;"EBS 60분 부모 제작팀 (엮은이)"
2916;"박지성 "
2917;"야마구치 노보루 "
2918;"왕중추 "
2919;"이인혜 "
2920;"채인선 "
2921;"트레이너 강 "
2922;"김용철 "
2923;"헨리 데이비드 소로우 "
2924;"EBS 아이의 사생활 제작팀 "
2925;"이시원 "
2926;"류동규 "
2927;"신현대 "
2928;"장세현 "
2929;"이덕일 "
2930;"버나뎃 로제티 슈스탁 (글)"
2931;"마종기 "
2932;"김종명 "
2933;"오츠 슈이치 "
2934;"폴 해링턴 "
2935;"김경주 "
2936;"이선영 "
2937;"김정현 "
2938;"켄 올레타 "
2939;"나렌드라 자다브 "
2940;"안수현 "
2941;"곽세운 "
2942;"조지 베일런트 "
2943;"민주영 "
2944;"송형석 "
2945;"스테프니 메이어 "
2946;"루이스 캐럴 (글)"
2947;"홍세화 "
2948;"재미있는 지리학회 "
2949;"김미조 "
2950;"장은선 "
2951;"웨인 W. 다이어 "
2952;"스티븐 레빗"
2953;"데즈카 오사무 "
2954;"윤미화 "
2955;"마르크 함싱크 "
2956;"마고 선더랜드 "
2957;"사토우치 아이 "
2958;"김영갑 "
2959;"심승현 "
2960;"황신영"
2961;"버트런드 러셀 "
2962;"김별아 "
2963;"포리스트 카터 "
2964;"이종선 "
2965;"장영희 "
2966;"이용규 "
2967;"크리스틴 깁슨 "
2968;"배리 J. 네일버프"
2969;"이용한 "
2970;"김학원 "
2971;"베른하르트 슐링크 "
2972;"이만교 "
2973;"안유진 "
2974;"켄 블랜차드"
2975;"박재동"
2976;"마츠자키 이사오 "
2977;"이마모리 미쓰히코 "
2978;"최진기 "
2979;"구희연"
2980;"엘리자베스 퀴블러 로스"
2981;"진희정 "
2982;"줄리아 카메론 "
2983;"앨빈 토플러 "
2984;"론다 번 "
2985;"린다 피콘 "
2986;"폴 크루그먼 "
2987;"로버트 치알디니 "
2988;"로버트 먼치 "
2989;"이시형 "
2990;"빅뱅 "
2991;"EBS 지식채널ⓔ 제작팀 "
2992;"Ramiro Garcia"
2993;"박상욱 (글)"
2994;"주제 사라마구 "
2995;"그레그 모텐슨"
2996;"강용범"
2997;"마크 C. 헨리 "
2998;"나선"
2999;"김동영 "
3000;"이영서 "
3001;"앤 패디먼 "
3002;"김연수"
3003;"김충원 "
3004;"허순봉 "
3005;"마이크 데이비스 "
3006;"이기수"
3007;"신현만 "
3008;"앨빈 토플러"
3009;"조영선 (글)"
3010;"헤더 레어 와그너 "
3011;"타블로 "
3012;"박현욱 "
3013;"랜디 포시"
3014;"에드워드 권 "
3015;"서지우 "
3016;"존 가트맨 "
3017;"리오 휴버먼 "
3018;"이영도 "
3019;"남경태 "
3020;"코믹컴 "
3021;"쑹훙빙 "
3022;"배두나 "
3023;"코맥 매카시 "
3024;"로버트 B. 세틀"
3025;"I. A. 리처드"
3026;"박미라 "
3027;"니콜라스 해리스 "
3028;"박희병 "
3029;"하야시 아쓰무 "
3030;"J.M.G. 르 클레지오 "
3031;"공지영"
3032;"로렌 슬레이터 "
3033;"I. A. 리처즈"
3034;"제수알도 부팔리노 "
3035;"한상복 "
3036;"강헌구 "
3037;"전재운 "
3038;"박경리 "
3039;"조영선 "
3040;"N.H 클라인바움 "
3041;"야마자키 나오코라 "
3042;"김하늬 "
3043;"EBS 지식채널ⓔ 제작팀 (엮은이)"
3044;"다원시 "
3045;"현영 "
3046;"고득성 "
3047;"김지완 "
3048;"황근기 "
3049;"C. S. 루이스 "
3050;"빌 브라이슨 "
3051;"에란 카츠 "
3052;"윌리엄 레이몽 "
3053;"사이토 마사시 "
3054;"주영하"
3055;"파피루스 "
3056;"미하엘 엔데 "
3057;"고득성"
3058;"남춘자 "
3059;"래리 C. 해리스 "
3060;"신민섭"
3061;"윤광준 "
3062;"미셀 르 뒤크"
3063;"팀 보울러 "
3064;"데보라 노빌 "
3065;"마이클 로이젠"
3066;"나카지마 다카시 "
3067;"아잔 브라흐마 "
3068;"마커스 주삭 "
3069;"신경림 "
3070;"카슨 레빈 "
3071;"데이비드 바크 "
3072;"빌 밸린저 "
3073;"권여선"
3074;"김미라"
3075;"로버트 루트번스타인"
3076;"마키타 신지 "
3077;"우석훈"
3078;"박은봉 "
3079;"존 고다드 "
3080;"이언 매큐언 "
3081;"아기 다다시 "
3082;"김성오 "
3083;"후루이치 유키오 "
3084;"배효숙 "
3085;"고미숙"
3086;"김민수"
3087;"김미숙 "
3088;"대니얼 고틀립 "
3089;"조엘 오스틴 "
3090;"윤종배 "
3091;"조신영"
3092;"김정 "
3093;"코키루니카 "
3094;"조관일 "
3095;"이스마엘 베아 "
3096;"송승용 "
3097;"김우현 "
3098;"마저리 화이트 펠레그리노 (글)"
3099;"앙드레 고르스 "
3100;"J.M. 에르 "
3101;"필립 짐바르도 "
3102;"매들린 L. 반 헤케 "
3103;"파피루스 (글)"
3104;"박현주 "
3105;"허순봉 (글)"
3106;"이선미 "
3107;"이광웅 (글)"
3108;"문승렬 "
3109;"윤성화 "
3110;"마쓰나가 노부후미 "
3111;"김현근 "
3112;"서재경 "
3113;"박수진 "
3114;"김경민 (글)"
3115;"존 고든 "
3116;"마츠나가 노부후미 "
3117;"아오야마 나나에 "
3118;"찰스 가르시아 "
3119;"박노자 "
3120;"드니 르보"
3121;"김재헌 (글)"
3122;"어필 프로젝트 (그림)"
3123;"피천득 "
3124;"코라 리"
3125;"전광 "
3126;"오세영 (그림)"
3127;"신시아 샤피로 "
3128;"문요한 "
3129;"파트리크 쥐스킨트 "
3130;"정철진 "
3131;"이청준 "
3132;"앤 쿡 "
3133;"김소연 "
3134;"니노미야 토모코 "
3135;"미우라 시온 "
3136;"제드 러벤펠드 "
3137;"제윤경 "
3138;"노바 얼라이언스 (엮은이)"
3139;"송인섭 "
3140;"고흥준 "
3141;"함윤미"
3142;"이민규 "
3143;"필립 C. 맥그로 "
3144;"강금실 "
3145;"유금호 "
3146;"전경린"
3147;"페르난도 트리아스 데 베스 "
3148;"진경혜 "
3149;"김문태 "
3150;"박용석 "
3151;"심영철 "
3152;"하임 G. 기너트"
3153;"호아킴 데 포사다 "
3154;"장정일 "
3155;"박경미 "
3156;"정이현 "
3157;"강미선 "
3158;"한스 크리스티안 안데르센 "
3159;"리처드 파크 코독 "
3160;"오형민 "
3161;"키스 포크너 "
3162;"석동연"
3163;"마쓰오카 교코 (글)"
3164;"크레이그 하비 "
3165;"주부의 벗 (엮은이)"
3166;"김경원"
3167;"존 나이스비트 "
3168;"크리스 앤더슨 "
3169;"오르한 파묵 "
3170;"칼리 피오리나 "
3171;"코믹컴 (글)"
3172;"서은영"
3173;"마이클 레빈 "
3174;"패트릭 패닝"
3175;"안네마리 노르덴 "
3176;"박명림"
3177;"강준만"
3178;"이시이 히로유키 "
3179;"데이비드 보더니스 "
3180;"전혜성 "
3181;"하정훈 "
3182;"조엘 그린블라트 "
3183;"노자와 히사시 "
3184;"고윤곤 "
3185;"김재헌 "
3186;"아베 쓰카사 "
3187;"제롬 데이비드 샐린저 "
3188;"최병권"
3189;"하명옥 "
3190;"고종완 "
3191;"성석제 "
3192;"신정일"
3193;"박래부 "
3194;"밀랜드 M. 레레 "
3195;"스튜어트 에이버리 골드 "
3196;"데이비드 그레고리 "
3197;"최미연 "
3198;"얀 마텔 "
3199;"고성욱 "
3200;"문향숙 "
3201;"탄줘잉 (엮은이)"
3202;"김용환 "
3203;"황선미 (글)"
3204;"이문열 "
3205;"안미경 "
3206;"츠지 히토나리 "
3207;"정호신 "
3208;"릭 워렌 "
3209;"다니엘 포세트 "
3210;"톰 피터스"
3211;"유용주 "
3212;"스펜서 존슨 "
3213;"국립중앙박물관 (엮은이)"
3214;"정희모"
3215;"전국역사교사모임 "
3216;"로알드 달 "
3217;"토머스 L. 프리드먼 "
3218;"최정미 "
3219;"김위찬"
3220;"이윤기"
3221;"휘도 판 헤네흐텐 "
3222;"마르쿠스 뷔름리"
3223;"유병률 "
3224;"강준만 "
3225;"문덕 "
3226;"우리누리 (글)"
3227;"수잔 와이즈 바우어 "
3228;"R. H. Jarrett "
3229;"이승복 "
3230;"KBS 스펀지 제작팀 "
3231;"볼프람 플라이쉬하우어 "
3232;"안병수 "
3233;"하야시 아키코 "
3234;"보도 섀퍼 "
3235;"메트 노가드 "
3236;"stasia (엮은이)"
3237;"토마스 불핀치 "
3238;"이정숙 "
3239;"이승헌 "
3240;"한중일3국공동역사편찬위원회 "
3241;"장 지오노 "
3242;"이완주 "
3243;"김주원 "
3244;"미치 앨봄 "
3245;"김병종"
3246;"고종석"
3247;"윈 형제"
3248;"카를로스 루이스 사폰 "
3249;"리처드 파인만 "
3250;"하우석 "
3251;"정민 "
3252;"세바스티안 라이트너 "
3253;"미셸린느 먼디 "
3254;"KBS 스펀지 제작팀 (엮은이)"
3255;"김향금 "
3256;"백무현 "
3257;"밥 애덤스 "
3258;"LG경제연구원 "
3259;"트레이시 슈발리에 "
3260;"이병훈 "
3261;"김강일"
3262;"브라이언 트레이시 "
3263;"미즈타니 오사무 "
3264;"조영래 "
3265;"조화섭 (엮은이)"
3266;"스테파노 추피 "
3267;"DK 편집부 (엮은이)"
3268;"오혜정 "
3269;"다다 히로시 "
3270;"사토 도미오 "
3271;"장 코르미에 "
3272;"이미도 "
3273;"셸 실버스타인 "
3274;"베르너 홀츠바르트 (글)"
3275;"매일경제신문 지식부 (엮은이)"
3276;"체 게바라 "
3277;"이솝 "
3278;"박원순 "
3279;"이면우 "
3280;"최정환 "
3281;"마이클 로젠 (글)"
3282;"이순원 "
3283;"존 버닝햄 "
3284;"아스트리드 린드그렌 "
3285;"맥스 루케이도 "
3286;"마르쿠스 피스터 "
3287;"박은영 (글)"
3288;"케네스 그레이엄 "
3289;"조현 "
3290;"공병호 "
3291;"벤저민 양 "
3292;"박노자"
3293;"정민"
3294;"이윤기 "
3295;"레오 리오니 "
3296;"이억배 "
3297;"류기운 "
3298;"김우재 (엮은이)"
3299;"박원희 "
3300;"김영한"
3301;"이익훈 "
3302;"노용환 "
3303;"정건목 "
3304;"김혜자 "
3305;"서연아동발달연구소"
3306;"청화스님 "
3307;"조상훈 "
3308;"다소마미 "
3309;"가게야마 히데오 "
3310;"브렌다 기버슨 "
3311;"나희덕"
3312;"이보영 "
3313;"카미오 요코 "
3314;"윤구병 "
3315;"문정후 (그림)"
3316;"고미 타로 "
3317;"다카이 노부오 "
3318;"이동원 "
3319;"채인선 (글)"
3320;"사이쇼 히로시 "
3321;"다치바나 다카시 "
3322;"장병혜 "
3323;"Harper Collins 편집부 (엮은이)"
3324;"빌 보일 "
3325;"김훈"
3326;"이미나 "
3327;"혼다 켄 "
3328;"장정빈 "
3329;"레프 니콜라예비치 톨스토이 "
3330;"허은미 (글)"
3331;"박정훈 "
3332;"백순근"
3333;"사카토 켄지 "
3334;"김혜경 "
3335;"제인 구달 "
3336;"우명 "
3337;"박영철 "
3338;"정재문 "
3339;"배인순 "
3340;"안나 클라라 티돌름 "
3341;"이호백 (글)"
3342;"김의경 "
3343;"샘 맥브래트니 "
3344;"가브리엘 루아 "
3345;"김주영 "
3346;"현기영 "
3347;"위기철 "
3348;"강명관 "
3349;"에모토 마사루 "
3350;"나관중 "
3351;"이태수 "
3352;"고정욱 "
3353;"하워드 슐츠 "
3354;"진 화이트하우스 피터슨 "
3355;"이금이 (글)"
3356;"앤디 앤드루스 "
3357;"김향이 (글)"
3358;"틱낫한 "
3359;"곽선영"
3360;"이문구 "
3361;"야시마 타로 "
3362;"구로야나기 테츠코 "
3363;"권지예 "
3364;"모니카 페트 "
3365;"수지 모건스턴 "
3366;"유문조 (글)"
3367;"아르놀트 하우저 "
3368;"전인권 "
3369;"스즈키 요시유키 "
3370;"한스 마그누스 엔첸스베르거 "
3371;"황대권 "
3372;"한홍구 "
3373;"현동염 "
3374;"김인숙"
3375;"펠릭스 모레노"
3376;"존 그레이 "
3377;"로저 도슨 "
3378;"찰스 험멜 "
3379;"패트릭 G. 라일리 "
3380;"박병철 (옮긴이)"
3381;"김영두 (옮긴이)"
3382;"조승연 "
3383;"신명직 "
3384;"전우익 "
3385;"김원일 "
3386;"일연 "
3387;"달라이 라마"
3388;"세토 스에키 "
3389;"폴렛 데일 "
3390;"피터 드러커 "
3391;"린다 수 박 "
3392;"베티나 슈티켈 (엮은이)"
3393;"존 그리샴 "
3394;"린다 수 박 (글)"
3395;"마이클 린버그 "
3396;"프랑스 시로스 출판사 편집부 (엮은이)"
3397;"최장집 "
3398;"최영미 "
3399;"오진희 (글)"
3400;"박영실 "
3401;"샘박 "
3402;"김구"
3403;"가스통 르루 "
3404;"야노쉬 "
3405;"이은결 "
3406;"최덕희 "
3407;"이와사키 치히로 "
3408;"이미애"
3409;"KBS한국방송 "
3410;"이철환 "
3411;"포송령 "
3412;"스티브 비덜프 "
3413;"문단열 "
3414;"보리 편집부 (엮은이)"
3415;"정태경 (엮은이)"
3416;"전국역사교사모임 (엮은이)"
3417;"최순우 "
3418;"한국대학생선교회 (엮은이)"
3419;"이케다 가요코 "
3420;"마이클 무어 "
3421;"김중미 "
3422;"클로드 부종 "
3423;"로렌 차일드 "
3424;"수미 런던 (엮은이)"
3425;"아서 코난 도일 "
3426;"로버트 크리겔"
3427;"권지예"
3428;"로버트 기요사키"
3429;"잭 웰치 "
3430;"티피 드그레 "
3431;"클라스 후이징 "
3432;"브래들리 트레버 그리브 "
3433;"허브 코헨 "
3434;"안토니오 네그리"
3435;"디트리히 슈바니츠 "
3436;"린위탕 "
3437;"오에 겐자부로 "
3438;"서현주"
3439;"데이바 소벨"
3440;"르네 고시니"
3441;"웬디 베케트 "
3442;"디비딕닷컴 네티즌 "
3443;"원성 "
3444;"이성주 "
3445;"김진송 "
3446;"찰스 C. 맨즈 "
3447;"장일호 "
3448;"시빌 에반스"
3449;"김규항 "
3450;"알리스 슈바르처 "
3451;"곽내혁 "
3452;"서두칠"
3453;"이영희 "
3454;"스티븐 C. 런딘"
3455;"이남수 "
3456;"정찬용 "
3457;"살만 루슈디 "
3458;"스티븐 코비 "
3459;"문우일 "
3460;"달라스 윌라드 "
3461;"서자룡 "
3462;"피에르 쌍소 "
3463;"노병윤 "
3464;"로이스 엘럿 "
3465;"조애너 콜 "
3466;"김태현 "
3467;"안노 미쓰마사 "
3468;"노자키 아키히로 (글)"
3469;"안노 마사이치로 (글)"
3470;"R. Nakata "
3471;"이장우 "
3472;"모리 츠요시 (글)"
3473;"애덤 로빈슨"
3474;"정기한 "
3475;"신경숙"
3476;"빌 필립스"
3477;"루돌프 키펜한 "
3478;"영진정보연구소"
3479;"리처드 코치 "
3480;"구본형 "
3481;"스튜어트 크레이너 "
3482;"리타 엠멋 "
3483;"노재명 (엮은이)"
3484;"박상배 "
3485;"김외석 (엮은이)"
3486;"김광석 "
3487;"세등"
3488;"올레 해드크비스트 "
3489;"조창인 "
3490;"김정란"
3491;"야마오카 소하치 "
3492;"전시륜 "
3493;"구효서 "
3494;"이토우 미츠오 "
3495;"파코 언더힐 "
3496;"게일 에반스 "
3497;"추병완 "
3498;"고증식 "
3499;"장원태 "
3500;"가토 슈이치"
3501;"이기문 "
3502;"하성란 "
3503;"볼프강 헤를레스 "
3504;"A. S. 니일 "
3505;"김영수 "
3506;"도몬 후유지 "
3507;"이태승"
3508;"서정수 "
3509;"하재구"
3510;"스콧 니어링 "
3511;"최원철 "
3512;"앨리슨 헤드 "
3513;"로버트 그린"
3514;"정재윤"
3515;"샥티 거웨인 "
3516;"세스 고딘 "
3517;"오동명 "
3518;"김성주 "
3519;"데이비드 시걸 "
3520;"마크 레빈"
3521;"필립 코틀러 "
3522;"빌 하이벨스 "
3523;"척 마틴 "
3524;"하랄트 뮐러 "
3525;"필립 에번스"
3526;"한호림 "
3527;"어니스트 톰슨 시튼 "
3528;"고인을기리는사람들 "
3529;"변상섭 "
3530;"현각 "
3531;"장성환 "
3532;"엘리에트 아베카시스 "
3533;"안노 미쓰마사 (그림)"
3534;"가노 준코 (글)"
3535;"아사다 아키라 "
3536;"이연길 "
3537;"이호백 "
3538;"아사다 지로 "
3539;"서갑숙 "
3540;"인싸이클로피디어브리태니커 "
3541;"레스터 서로우 "
3542;"레이먼드 브리그스 (그림)"
3543;"프랜시스 케언크로스 "
3544;"심상대 "
3545;"에단 라지엘 "
3546;"예반 "
3547;"송영예 "
3548;"권윤덕 "
3549;"미상원영양문제특별위원 "
3550;"이재복 (엮은이)"
3551;"김종택 "
3552;"이주형 "
3553;"이희연 "
3554;"이용욱 "
3555;"우광훈 "
3556;"레베카 손더스 "
3557;"정인석"
3558;"하업거 "
3559;"수잔나 파르취 "
3560;"서진규 "
3561;"에번 I. 슈워츠 "
3562;"노엄 촘스키 "
3563;"로베르토 칼라소 "
3564;"조홍섭 "
3565;"홍성태 "
3566;"이희수 "
3567;"전경린 "
3568;"방현석 "
3569;"신현림 "
3570;"김경일 "
3571;"한용환 "
3572;"이배용 "
3573;"박상준"
3574;"최윤철"
3575;"박상륭 "
3576;"김지룡 "
3577;"양수정"
3578;"이시카와 요시미 "
3579;"게로 폰 뵘 "
3580;"클리퍼드 기어츠 "
3581;"브루스 쉐흐터 "
3582;"조지프 캠벨 "
3583;"마리아 니콜라예바 "
3584;"이인식 "
3585;"이주헌 "
3586;"김관영 (엮은이)"
3587;"박순혁 "
3588;"EBS MEDIA"
3589;"이연 "
3590;"김소진"
3591;"김양수 "
3592;"B Media Company "
3593;"오카자키 교코 "
3594;"로맹 모네리 "
3595;"이병욱 "
3596;"쓰카사키 시로 "
3597;"한연희 "
3598;"하승민 "
3599;"강화길 "
3600;"아르투어 쇼펜하우어 "
3601;"진태원 "
3602;"러셀 폴드랙 "
3603;"박근혜 "
3604;"케리 앤드류스 "
3605;"아니 에르노 "
3606;"배성기 "
3607;"윌리엄 포크너 "
3608;"로베르 브레송 "
3609;"힐러리 로댐 클린턴"
3610;"박목월"
3611;"헨리 제임스 "
3612;"마츠다 나오코 "
3613;"야스차 뭉크 "
3614;"엘리자베스 퀴블러 로스 "
3615;"프리즘오브 프레스 "
3616;"이우혁 "
3617;"고든 맥도날드 "
3618;"이경기 "
3619;"짐 로저스"
3620;"이수광 "
3621;"데이비드 A. 싱클레어"
3622;"최인훈 "
3623;"카즈히로 후지타 "
3624;"박찬국 "
3625;"롤랑 바르트 "
3626;"네모 tokyo_nemo "
3627;"안톤 파블로비치 체호프 "
3628;"그레천 바크 "
3629;"자크 모노 "
3630;"이세 히데코 "
3631;"고봉준 "
3632;"에도가와 란포 "
3633;"마르그리트 뒤라스 "
3634;"뤼트허르 브레흐만 "
3635;"윌리엄 진서 "
3636;"조혜진 "
3637;"이장욱 "
3638;"우르술라 누버 "
3639;"정미진 "
3640;"벵하민 라바투트 "
3641;"오쓰이치 "
3642;"주드 스튜어트 "
3643;"이시키 마코토 "
3644;"마로니에북스 편집부 (엮은이)"
3645;"강유정 "
3646;"무라카미 류 "
3647;"조해진 "
3648;"아카마츠 켄 "
3649;"게리 채프먼 "
3650;"임솔아 "
3651;"정일성 "
3652;"슬라보예 지젝"
3653;"이즈미 마사토 "
3654;"잭 런던 "
3655;"쇠얀 키르케고르 "
3656;"우용표 "
3657;"샬럿 브론테 "
3658;"김우창 "
3659;"정인호 "
3660;"찰스 M. 슐츠 "
3661;"고아라 "
3662;"주호민 "
3663;"애거서 크리스티 "
3664;"야스히코 요시카즈 "
3665;"오상진 "
3666;"볼떼르 "
3667;"토마스 만 "
3668;"R. A. 살바토레 "
3669;"B. A. 패리스 "
3670;"니헤이 츠토무 "
3671;"일사 샤프 "
3672;"김선우 "
3673;"아쿠타가와 류노스케 "
3674;"대니얼 길버트 "
3675;"정용준 "
3676;"조제 조르즈 레트리아 "
3677;"박상우 "
3678;"레너드 믈로디노프 "
3679;"뿅글이 "
3680;"김상균 "
3681;"서미애"
3682;"진 웹스터 "
3683;"박문호 "
3684;"마츠이 유세이 "
3685;"양귀자 "
3686;"토드 로즈 "
3687;"유진목 "
3688;"이길보라 "
3689;"강경애 "
3690;"쿠엔틴 타란티노 "
3691;"모리시게 타쿠마 "
3692;"선바 "
3693;"코사카 야스유키 "
3694;"김민정 "
3695;"조디 피콜트 "
3696;"나오미 노빅 "
3697;"아이작 아시모프 "
3698;"리처드 니스벳 "
3699;"이유리 "
3700;"강양구 "
3701;"안토니오 타부키 "
3702;"오수향 "
3703;"이기영 "
3704;"클로드 레비-스트로스 "
3705;"브라이언 콕스"
3706;"이근상 "
3707;"루드비코 "
3708;"기 드보르 "
3709;"정지돈 "
3710;"새시 로이드 "
3711;"페르디낭 드 소쉬르 "
3712;"김내훈 "
3713;"신지은 "
3714;"안데르스 한센 "
3715;"은림"
3716;"존 C. 보글 "
3717;"다니자키 준이치로 "
3718;"정찬 "
3719;"김유정 "
3720;"켄 피셔"
3721;"임무성 "
3722;"김애옥 "
3723;"주요섭 "
3724;"심산 "
3725;"윌리엄 셰익스피어 "
3726;"존 르 카레 "
3727;"프리드리히 니체 "
3728;"마이클 셸런버거 "
3729;"귀도 코스타 "
3730;"허새로미 "
3731;"강효미 "
3732;"박용환 "
3733;"알레스데어 네언 "
3734;"모리 히로시 "
3735;"엘리자 수아 뒤사팽 "
3736;"이경희 "
3737;"요시아키 요시미 "
3738;"코노미 다케시 "
3739;"최진영 "
3740;"존 스타인벡 "
3741;"몬티 라이먼 "
3742;"사카모토 신이치 "
3743;"김혜순 "
3744;"이장원"
3745;"에드워드 D. 호크 "
3746;"헨리 뢰디거"
3747;"J. K. Rowling "
3748;"새러 심블릿"
3749;"가스파드 "
3750;"카밀로 호세 셀라 "
3751;"김은국 "
3752;"론 처노 "
3753;"빌 설리번 "
3754;"최현우 "
3755;"빈스 베이저 "
3756;"에이미 에드먼슨 "
3757;"한수희 "
3758;"미셸 푸코 "
3759;"오히라 미쓰요 "
3760;"백승욱 (엮은이)"
3761;"존 롤스 "
3762;"한석정 "
3763;"존 보인 "
3764;"함카 "
3765;"성호준 "
3766;"셰인 오마라 "
3767;"라가와 마리모 "
3768;"블라디미르 나보코프 "
3769;"윤이나 "
3770;"폴 오스터 "
3771;"민지형 "
3772;"원수연 "
3773;"유귀훈 "
3774;"보흐밀 흐라발 "
3775;"마강래 "
3776;"정재연 "
3777;"김동규"
3778;"백은선 "
3779;"브레네 브라운 "
3780;"나쓰메 소세키"
3781;"김성동 "
3782;"닉 수재니스 "
3783;"이용재 "
3784;"소포클레스 "
3785;"페터 한트케 "
3786;"뤼스 이리가레 "
3787;"존 스튜어트 밀 "
3788;"클레먼시 버턴힐 "
3789;"쥘 베른 "
3790;"테네시 윌리암스 "
3791;"김동섭 "
3792;"네이선 렌츠 "
3793;"듀나"
3794;"김보영 "
3795;"파스칼 메르시어"
3796;"오자와 하야토 "
3797;"바버라 에런라이크 "
3798;"마르크 블로크 "
3799;"라프 코스터 "
3800;"시라이 도모유키 "
3801;"김화진 "
3802;"이기원 "
3803;"수피 "
3804;"알렉상드르 뒤마 "
3805;"킴 투이 "
3806;"어슐러 K. 르 귄 "
3807;"후지타 카즈히로 "
3808;"도진기 "
3809;"권정생 "
3810;"아네테 멜레세 "
3811;"폴 몰랜드 "
3812;"존 가드너 "
3813;"야기 노리히로 "
3814;"다카기 나오코 "
3815;"나쓰메 소세키 "
3816;"프란츠 카프카 "
3817;"시드니 셀던 "
3818;"유타루 "
3819;"시라토리 케이 "
3820;"리처드 매드슨 "
3821;"로버트 프로스트 (글)"
3822;"스탠 와인스타인 "
3823;"조은수 (글)"
3824;"도로시 길먼 "
3825;"필립 피셔 "
3826;"사과집 "
3827;"로버트 카파 "
3828;"박참새 "
3829;"다비드 르 브르통 "
3830;"박동선 "
3831;"최낙언 "
3832;"H. P. 러브크래프트 "
3833;"가스통 바슐라르 "
3834;"요코제키 다이 "
3835;"데이비드 이글먼"
3836;"시라이 카이우 "
3837;"이진호"
3838;"미셸 우엘벡 "
3839;"마크 랜돌프 "
3840;"소피 사란브란트 "
3841;"곽아람 "
3842;"안승준 "
3843;"전강수 "
3844;"오한기 "
3845;"단테 알리기에리 "
3846;"애덤 그랜트 "
3847;"이탈로 칼비노 "
3848;"김은실"
3849;"크리스토퍼 히친스 "
3850;"존 브록만 (엮은이)"
3851;"다와다 요코 "
3852;"이수정"
3853;"이상혁 "
3854;"아민 말루프 "
3855;"신순규 "
3856;"권석준 "
3857;"마르쿠스 아우렐리우스 "
3858;"김용태 "
3859;"유영국미술문화재단"
3860;"임남택 "
3861;"이시즈카 신이치 "
3862;"히가시무라 아키코 "
3863;"도리스 레싱 "
3864;"에이미 추아 "
3865;"타카다 유조 "
3866;"카테리나 고렐리크 "
3867;"낸시 프레이저 "
3868;"메리 램"
3869;"황동규 "
3870;"후루야 미노루 "
3871;"김민경 "
3872;"스콧 맥클라우드 "
3873;"조수필 "
3874;"은정희 (옮긴이)"
3875;"오이마 요시토키 "
3876;"제프 존스"
3877;"세실리아 루이스 "
3878;"마르셀 프루스트 "
3879;"크리스티네 뇌스틀링거 "
3880;"와쿠이 요시유키"
3881;"율마"
3882;"홍창성 "
3883;"에르네스트 르낭 "
3884;"전광용 "
3885;"칼 마르크스"
3886;"묘니 "
3887;"뉴트 스캐맨더 "
3888;"게오르그 빌헬름 프리드리히 헤겔 "
3889;"김남윤 "
3890;"쑤샨 "
3891;"김선희"
3892;"이언 스튜어트 "
3893;"박지현 "
3894;"정낙림 "
3895;"황교익 "
3896;"박돈규 "
3897;"오스카 와일드 "
3898;"송병건 "
3899;"대니얼 클로즈 (글)"
3900;"이시백 "
3901;"이케이도 준 "
3902;"김사과 "
3903;"손민지 "
3904;"김희선 "
3905;"박경수 "
3906;"기안84 "
3907;"토리야마 아키라 "
3908;"나가이 아키라 (글)"
3909;"홍민지 "
3910;"이의수 "
3911;"나카노 히토리 "
3912;"에두아르도 멘도사 "
3913;"미나가와 료지 "
3914;"할런 코벤 "
3915;"팀 버튼 "
3916;"네이트 실버 "
3917;"니콜라스 네그로폰테 "
3918;"카를로 로벨리 "
3919;"미야모토 테루 "
3920;"오느레 드 발자크 "
3921;"리단 "
3922;"피터 나바로 "
3923;"듀나 "
3924;"지그문트 바우만"
3925;"장 자크 루소 "
3926;"대니얼 카너먼"
3927;"박중철 "
3928;"서머싯 몸 "
3929;"조귀동 "
3930;"에릭 재거 "
3931;"김칸비 "
3932;"김당 "
3933;"윌리엄 N. 괴츠만 "
3934;"엘리자베스 스트라우트 "
3935;"보니 가머스 "
3936;"추동훈 "
3937;"아멜리 노통브 "
3938;"황종휴 "
3939;"에마누엘 레비나스 "
3940;"숀 탠 "
3941;"이정우 "
3942;"디어드라 마스크 "
3943;"심너울 "
3944;"질 들뢰즈 "
3945;"김나현 "
3946;"이라영 "
3947;"로이 F. 바우마이스터 "
3948;"장자크 상페 "
3949;"배순탁 "
3950;"이윤세 "
3951;"알퐁스 도데 "
3952;"바바라 오코너 "
3953;"장 폴 사르트르 "
3954;"조이스 캐롤 오츠 "
3955;"방송문화진흥회 (엮은이)"
3956;"0. 헨리 "
3957;"배경진 "
3958;"이윤규 "
3959;"임이랑 "
3960;"최백규 "
3961;"크리스 반 알스버그 "
3962;"피터 린치"
3963;"엔도 슈사쿠 "
3964;"이시카와 유키 "
3965;"심재천 "
3966;"아서 C. 클라크 "
3967;"김홍엽 "
3968;"이건용 "
3969;"이강래 "
3970;"카마타니 유키 "
3971;"브랜던 로열 "
3972;"허먼 멜빌 "
3973;"슬라보예 지젝 "
3974;"이철희 "
3975;"백종현 "
3976;"신해욱 "
3977;"욘 아이비데 린드크비스트 "
3978;"박세열 "
3979;"나카노 제임스 슈이치 "
3980;"마루야마 겐지 "
3981;"제러미 월드론 "
3982;"노먼 레브레히트 "
3983;"스티븐 핑커 "
3984;"후안 마르세 "
3985;"우메즈 카즈오 "
3986;"이경윤 "
3987;"김윤석 "
3988;"찰스 디킨스 "
3989;"오정희 "
3990;"김혼비"
3991;"김동수 "
3992;"다카노 가즈아키 "
3993;"장 그르니에 "
3994;"하세가와 케이타로 "
3995;"아우구스트 스트린드베리이 "
3996;"짐 매켈비 "
3997;"한정연 "
3998;"다니엘 디포 "
3999;"김한민 "
4000;"우상호 "
4001;"조석 "
4002;"진 토조 "
4003;"하인리히 뵐 "
4004;"하지은 "
4005;"편혜영 "
4006;"김혼비 "
4007;"낸시 앤코위츠 "
4008;"나이테 "
4009;"헬렌 옥슨버리"
4010;"거의없다"
4011;"이옥토 "
4012;"조화순"
4013;"김하연 "
4014;"루이스 캐럴 "
4015;"미야자와 겐지 "
4016;"윤인완 (글)"
4017;"하일권 "
4018;"크리스틴 R. 고드시 "
4019;"나드"
4020;"이무기 "
4021;"고은 "
4022;"김상은 "
4023;"노구치 유키오 "
4024;"요조 "
4025;"리사 제노바 "
4026;"마이라 산토스 페브레스 "
4027;"김광기 "
4028;"손희정 "
4029;"래리 윌리엄스 "
4030;"김응빈"
4031;"정우열 "
4032;"올더스 헉슬리 "
4033;"신민주"
4034;"서병용 "
4035;"백우진 "
4036;"임경섭 "
4037;"오지은 "
4038;"플라톤 "
4039;"토머스 새뮤얼 쿤 "
4040;"개리 암스트롱"
4041;"C. 라이트 밀즈 "
4042;"장영수 "
4043;"후지모토 타츠키 "
4044;"야마다 아키오 "
4045;"티모시 브룩 "
4046;"이형재 "
4047;"키아라 데카포아 "
4048;"서미숙 "
4049;"김혜진"
4050;"이현비 "
4051;"김언희 "
4052;"김청귤 "
4053;"스가 아쓰코 "
4054;"시릴 페드로사 "
4055;"마크 코타 바즈 "
4056;"켄 시걸 "
4057;"김용 "
4058;"슈엔슈 "
4059;"크리스 클레어몬트 "
4060;"도미니크 J. 오미라 "
4061;"아돌프 히틀러 "
4062;"차학경 "
4063;"이상원 "
4064;"팀 데도풀로스 "
4065;"산경 "
4066;"에르베 르 텔리에 "
4067;"뱅크시 "
4068;"쿠사카 히데노리 (글)"
4069;"호우 "
4070;"토우메 케이 "
4071;"고사리박사 "
4072;"김지훈 "
4073;"산소비 "
4074;"토머스 핀천 "
4075;"노리즈키 린타로 "
4076;"넬라 라슨 "
4077;"우다영 "
4078;"그레고리 배스햄 "
4079;"이찬혁 "
4080;"지크문트 프로이트 "
4081;"윤이형 "
4082;"차현진 (그림)"
4083;"에드몬도 데 아미치스 "
4084;"이희성"
4085;"윤가은 "
4086;"노만 멜컴 "
4087;"존 라이크만 "
4088;"유희경 "
4089;"정희진"
4090;"남수 "
4091;"로버트 판타노 "
4092;"루카스 베드나르스키 "
4093;"현진건 "
4094;"김보영"
4095;"애비게일 터커 "
4096;"허승철 "
4097;"크리스토퍼 이셔우드 "
4098;"전혜린 "
4099;"김동식 "
4100;"요한 페터 에커만 "
4101;"신승환 "
4102;"안토니오 그람시 "
4103;"정지음 "
4104;"허연 "
4105;"임춘성 "
4106;"박창선 "
4107;"조엘 레비 "
4108;"박미셸"
4109;"순끼 "
4110;"베네딕트 데 스피노자 "
4111;"후루타치 고스케 "
4112;"이수지 "
4113;"정우철 "
4114;"미즈노 히로키 "
4115;"박하루 "
4116;"한켠 "
4117;"토니 모리슨 "
4118;"이상 "
4119;"박광홍 "
4120;"로버트 루이스 스티븐슨 "
4121;"강지영 "
4122;"이경범 "
4123;"라라 E. 필딩 "
4124;"임은선 "
4125;"김진영 "
4126;"윌리엄 트레버 "
4127;"김도윤"
4128;"매슈 워커 "
4129;"제임스 프렐러 "
4130;"이와이 슌지 "
4131;"톰 래스"
4132;"임승규"
4133;"통합유럽연구회 "
4134;"에리카 조핸슨 "
4135;"정세현 "
4136;"브로드컬리 편집부 "
4137;"이윤호"
4138;"이기리 "
4139;"디터 쿤 "
4140;"니콜라이 바실리예비치 고골 "
4141;"안희연 "
4142;"한승태 "
4143;"꼬마비 "
4144;"윌리엄 골딩 "
4145;"조지 오웰 "
4146;"아리스토텔레스"
4147;"히라야마 유메아키 "
4148;"이금이 "
4149;"조미자 "
4150;"이순신 "
4151;"나카야마 시치리 "
4152;"최광현 "
4153;"데비 텅 "
4154;"임선우 "
4155;"에릭 버거 "
4156;"사이하테 타히 "
4157;"켄 크림슈타인 "
4158;"에드윈 르페브르 "
4159;"신효원 "
4160;"김상근 "
4161;"오가타 도시오 "
4162;"앙드레 코스톨라니 "
4163;"유니게 "
4164;"나다니엘 라첸메이어 "
4165;"이혜준"
4166;"에티엔 포레 "
4167;"샐리 쿨타드 "
4168;"진병관 "
4169;"조지 레이코프"
4170;"박준희 "
4171;"김재희"
4172;"사도연 "
4173;"필립 로스 "
4174;"최영인 "
4175;"고일석 "
4176;"커크 월리스 존슨 "
4177;"최실 "
4178;"박상훈 "
4179;"존 S. 앨런 "
4180;"위지안 "
4181;"김현경 "
4182;"강여울 "
4183;"케이티 로이프 "
4184;"호메로스 "
4185;"맥 바넷 "
4186;"홍동원 "
4187;"이도해 "
4188;"브루스 리틀필드"
4189;"우타노 쇼고 "
4190;"조르조 아감벤 "
4191;"김정수 "
4192;"고트프리트 빌헬름 라이프니츠 "
4193;"캐서린 오플린 "
4194;"대니얼 피컷"
4195;"후지사와 토루 "
4196;"우동이즘 "
4197;"시릴 리에롱"
4198;"임정섭 "
4199;"브라이언 로빈슨 "
4200;"플로티노스 "
4201;"이구성 "
4202;"루키우스 안나이우스 세네카 "
4203;"예브게니 이바노비치 자먀찐 "
4204;"앨런 라이트먼 "
4205;"알랭 바디우 "
4206;"기무라 다이지 "
4207;"이말년 "
4208;"오가와 요코 "
4209;"맹장미 "
4210;"에리히 마리아 레마르크 "
4211;"기공흑마 "
4212;"굽시니스트 "
4213;"이마누엘 칸트 "
4214;"아지즈 네신 "
4215;"초"
4216;"전현우 "
4217;"배르벨 바르데츠키 "
4218;"사라 스튜어트 "
4219;"김용국 "
4220;"훈민아빠 "
4221;"안은별 "
4222;"지수 "
4223;"하재영 "
4224;"프리모 레비 "
4225;"권학봉 "
4226;"김상운 "
4227;"쟈스민 한 "
4228;"트레시 맥밀런 코텀 "
4229;"싯다르타 무케르지 "
4230;"가제키 가즈히토 (글)"
4231;"김종인 "
4232;"존 티어니"
4233;"이신영 "
4234;"김지은 "
4235;"김선기 "
4236;"유지혜 "
4237;"마빈 해리스 "
4238;"앨런 S. 케이헌 "
4239;"제프리 유제니디스 "
4240;"김윤관 "
4241;"볼프람 베테 "
4242;"숀 캐럴 "
4243;"문목하 "
4244;"에드워드 애슈턴 "
4245;"서해경 "
4246;"짐 오타비아니 "
4247;"강태식 "
4248;"한영옥 "
4249;"김은정 "
4250;"브라이언 그린 "
4251;"레이어드 "
4252;"루스 베네딕트 "
4253;"수사반장 "
4254;"마크 레빈슨 "
4255;"김대식 "
4256;"황경신 "
4257;"콜린 엘러드 "
4258;"최명희 "
4259;"로스 맥도날드 "
4260;"칼릴 지브란 "
4261;"수나우라 테일러 "
4262;"우치다 타츠루 "
4263;"히시카와 사카쿠 "
4264;"미쓰다 신조 "
4265;"이원석 "
4266;"박윤미 "
4267;"일라이 클레어 "
4268;"강민철 "
4269;"노무라 마사타카"
4270;"김용규 "
4271;"이노우에 타케히코 "
4272;"리처드 오벤든 "
4273;"앨런 무어 "
4274;"김태형 "
4275;"후쿠다 토모히로 "
4276;"무류 "
4277;"단 자하비 "
4278;"앨버트 잭 "
4279;"김재형 "
4280;"미키 기요시 "
4281;"미시마 요무 "
4282;"오바 츠쿠미 "
4283;"박연준 "
4284;"오드리 로드 "
4285;"엘리자베스 길버트 "
4286;"로지 브라이도티 "
4287;"마일로 "
4288;"와타세 유 "
4289;"김동조 "
4290;"이원희 "
4291;"백덕수 "
4292;"아놀드 로벨 "
4293;"전홍기혜"
4294;"엔사이클로넷 "
4295;"윌리엄 스타이그 "
4296;"김동주 "
4297;"로랑 티라르 "
4298;"조천호 "
4299;"윌리엄 브리튼 "
4300;"양은경"
4301;"정약용 "
4302;"이반 일리치 "
4303;"이도나 "
4304;"존 폴 플린토프 "
4305;"다니엘 키스 "
4306;"토마스 홉스 "
4307;"최인철 "
4308;"이응준 "
4309;"김혜진 "
4310;"정수일 "
4311;"닉 드르나소 "
4312;"마이클 코넬리 "
4313;"에스노 사카에 "
4314;"와난 "
4315;"백지선 "
4316;"강남순"
4317;"헨리크 입센 "
4318;"제프리 초서 "
4319;"양재현 "
4320;"P.M.S. 해커 "
4321;"안드레이 타르콥스키 "
4322;"커트 보니것 (원작)"
4323;"박종훈 "
4324;"말렉 슈벨 "
4325;"김병운"
4326;"최명환"
4327;"다카하시 카즈키 "
4328;"최명기 "
4329;"미즈구치 카츠야 "
4330;"김창규 "
4331;"문정후 "
4332;"존 앨런 "
4333;"에밀 졸라 "
4334;"프랜 리보위츠 "
4335;"강희정 "
4336;"조지아 체리 "
4337;"벤 윌슨 "
4338;"나나난 키리코 "
4339;"브랜든 포브스 "
4340;"필립 K. 딕 "
4341;"이랑 "
4342;"후안 룰포 "
4343;"남무성 "
4344;"얀 칩체이스"
4345;"데이비드 M. 버스 "
4346;"타카야 나츠키 "
4347;"천종호 "
4348;"다카히라 나루미 "
4349;"아리스토텔레스 "
4350;"김지혜"
4351;"더글러스 크림프 "
4352;"손미 "
4353;"장해주 "
4354;"고은주 "
4355;"키마 카길 "
4356;"데이비드 호킨스 "
4357;"쥘리 마로 "
4358;"이혜경 "
4359;"김수정 "
4360;"헨리 조지 "
4361;"조온윤 "
4362;"김진석 "
4363;"앵거스 플레처 "
4364;"카리나 사인스 보르고 "
4365;"마이클 콜린스 "
4366;"해리 데이비스 "
4367;"쓰네카와 고타로 "
4368;"리비 호커 "
4369;"장희 "
4370;"박종진 "
4371;"스티븐 제이 슈나이더"
4372;"스콧 갤러웨이 "
4373;"카렐 차페크 "
4374;"마틴 게이퍼드 "
4375;"R. J. 팔라시오 "
4376;"한영옥 (엮은이)"
4377;"조성준 "
4378;"김유리"
4379;"제바스티안 하프너 "
4380;"장석준"
4381;"코니 윌리스 "
4382;"제임스 조이스 "
4383;"브리기테 슈스터 "
4384;"박형서 "
4385;"임은정 "
4386;"제임스 거니 "
4387;"비나리 "
4388;"니시모리 히로유키 "
4389;"박상수 "
4390;"허가윤"
4391;"엘렌 랭어 "
4392;"정해연 "
4393;"윈스턴 처칠 "
4394;"이득재 "
4395;"오슨 스콧 카드 "
4396;"정승익 "
4397;"안데르스 에릭슨"
4398;"토마스 베른하르트 "
4399;"이희주 "
4400;"에티엔 드 라 보에시 "
4401;"데이브 골드버그 "
4402;"요시다 슈이치 "
4403;"한정원 "
4404;"사이페딘 아모스 "
4405;"박경란 "
4406;"킨다이치 렌주로 "
4407;"하재연 "
4408;"권용철 "
4409;"스티브 하비"
4410;"김신회"
4411;"칼 포퍼 "
4412;"이금남 "
4413;"맥스 테그마크 "
4414;"옥타비아 버틀러 "
4415;"프랑수아즈 사강 "
4416;"오건호 "
4417;"프랭크 리프먼"
4418;"존 크럼볼츠"
4419;"송기도 "
4420;"에밀리 정민 윤 "
4421;"에니드 블라이튼 "
4422;"강성률 "
4423;"야마하라 요시토 "
4424;"장 보드리야르 "
4425;"박태준 "
4426;"박기현 "
4427;"이토 시오리 "
4428;"솔 크립키 "
4429;"이규리 "
4430;"권남희 "
4431;"오쓰카 에이지 "
4432;"프레더릭 바이저 "
4433;"민훈기 "
4434;"김영찬 "
4435;"이종산"
4436;"자크 라캉 "
4437;"이강영 "
4438;"허주은 "
4439;"게리 마커스 "
4440;"카라 플라토니 "
4441;"하나다 나나코 "
4442;"리처드 할러웨이 "
4443;"W. E. 보우먼 "
4444;"김동인"
4445;"미즈키 아키코 "
4446;"리처드 H. 탈러 "
4447;"조진호 "
4448;"고현민 "
4449;"이승종 "
4450;"조지 R. R. 마틴 "
4451;"제프리 무어 "
4452;"케이트 앳킨슨 "
4453;"아틀리에 드 에디토 "
4454;"존 허스트 "
4455;"정동호 "
4456;"잠바티스타 바실레 "
4457;"임현 "
4458;"조슬린 "
4459;"정주희 "
4460;"앤드류 매튜스 "
4461;"크레이그 모드 "
4462;"김혜리 "
4463;"임마누엘 칸트 "
4464;"조던 B. 피터슨"
4465;"박상용 "
4466;"이재익"
4467;"강창래 "
4468;"발터 벤야민 "
4469;"오야마다 히로코 "
4470;"기연수 "
4471;"페터 볼레벤 "
4472;"양자오 "
4473;"귀귀 "
4474;"이철진"
4475;"소다 마사히토 "
4476;"강미라 "
4477;"윌리엄 깁슨 "
4478;"제니 한 "
4479;"리처드 라이트"
4480;"율리 체 "
4481;"유선애 "
4482;"요한 고트프리트 폰 헤르더 "
4483;"브릿 베넷 "
4484;"박지선 "
4485;"급소가격 "
4486;"이기형"
4487;"박원익"
4488;"위르겐 하버마스 "
4489;"이대열 "
4490;"정하웅"
4491;"권도균 "
4492;"조세희 "
4493;"쇠얀 키에르케고어 "
4494;"권재숙 "
4495;"김원익 "
4496;"스티븐 윌리엄 호킹 "
4497;"마크 트웨인 "
4498;"마크 A. 호킨스 "
4499;"정미경 "
4500;"오사 게렌발 "
4501;"안드레아 바츠 "
4502;"한동림 "
4503;"티야나 리 맥퀄러"
4504;"기시 유스케 "
4505;"마영신 "
4506;"리처드 요트 "
4507;"마사시 타나카 "
4508;"박근호 "
4509;"조쉬 펑크 "
4510;"안토니 비버 "
4511;"이왕재 "
4512;"엘리자베스 문 "
4513;"스티븐 헬러"
4514;"김복준 "
4515;"임정화"
4516;"오지구요 "
4517;"양다솔 "
4518;"오가사와라 히로유키 "
4519;"이지환 "
4520;"마틴 제이 "
4521;"김능우 "
4522;"양운덕 "
4523;"구상희 "
4524;"이승희 "
4525;"저메이카 킨케이드 "
4526;"김만권 "
4527;"데이비드 번 "
4528;"벤 아아로노비치 "
4529;"서장원 "
4530;"정영문 "
4531;"닉 폴슨"
4532;"강성은"
4533;"사토 겐타로 "
4534;"릴리아 "
4535;"다니엘 콜 "
4536;"박현숙 "
4537;"곽정은 "
4538;"키시로 유키토 "
4539;"사라 베이크웰 "
4540;"마츠우라 에이코 "
4541;"탈레스 S. 테이셰이라 "
4542;"한청훤 "
4543;"마르크 레비 "
4544;"김원 "
4545;"김범준 "
4546;"캐서린 스테드먼 "
4547;"전성태 "
4548;"피터 셰퍼 "
4549;"심완선 "
4550;"모니카 마론 "
4551;"김수완 "
4552;"다지마 도시유키 "
4553;"박보나 "
4554;"페르난두 페소아 "
4555;"키리오카 사나 "
4556;"이문영 "
4557;"김초엽"
4558;"데이비드 린치 "
4559;"정무늬 "
4560;"엘리자베스 케이 "
4561;"빅터 프랭클 "
4562;"와타나베 와타루 "
4563;"고수민 "
4564;"콜린 맥긴 "
4565;"존 자누치 "
4566;"한나 아렌트 "
4567;"한민 "
4568;"엠제이 드마코 "
4569;"박가람 "
4570;"가브리엘 가르시아 마르케스 "
4571;"리베카 헌틀리 "
4572;"테드 윌리엄스 "
4573;"정지윤 "
4574;"이용범 "
4575;"하수정 "
4576;"마르탱 파주 "
4577;"랜섬 릭스 "
4578;"게르다 라이트 "
4579;"마틴 포드 "
4580;"세레나 발렌티노 "
4581;"CLAMP "
4582;"EBS 동과서 제작팀"
4583;"이병민 "
4584;"일동서원 본사편집부 "
4585;"한밤비 "
4586;"박정한"
4587;"닐 게이먼 "
4588;"김용세"
4589;"구묘진 "
4590;"블라지미르 메그레 "
4591;"범유진 "
4592;"김정환 "
4593;"김기창 "
4594;"전몽각 "
4595;"스탠리 큐브릭 "
4596;"루트비히 비트겐슈타인 "
4597;"유영만"
4598;"재키 플레밍 "
4599;"리처드 칼슨 "
4600;"박부성 "
4601;"셜리 잭슨 "
4602;"김옥림 "
4603;"홍은전 "
4604;"이유미 "
4605;"강성은 "
4606;"로버트 고든 "
4607;"김영진 "
4608;"나탈리 데 발리에르 "
4609;"코테가와 유아 "
4610;"양호문 "
4611;"아룬다티 로이 "
4612;"후안 엔리케스 "
4613;"나이토 요시히토 "
4614;"오후 "
4615;"이시다 이라 "
4616;"클라우스 슈밥 "
4617;"아다치 미츠루 "
4618;"로이 리처드 그린커 "
4619;"김재식 "
4620;"박지영 "
4621;"SBS &lt당신이 혹하는 사이&gt 제작팀 "
4622;"박문성 "
4623;"원종원 "
4624;"샨 사 "
4625;"누쿠이 도쿠로 "
4626;"알렉스 캘리니코스"
4627;"수잔 바스넷 "
4628;"키리하라 이즈미 "
4629;"북극솜"
4630;"무로이 야스오 "
4631;"대프니 듀 모리에 "
4632;"정이현"
4633;"프랭크 밀러 "
4634;"야마시타 카즈미 "
4635;"카를 마르크스"
4636;"김현희 "
4637;"비벌리 클리어리 "
4638;"이주호"
4639;"에노모토 히로아키 "
4640;"이수은 "
4641;"엠마 도노휴 "
4642;"오수완 "
4643;"오노레 드 발자크 "
4644;"안토니오 무뇨쓰 몰리나 "
4645;"손은호 (글)"
4646;"신현준 "
4647;"자크 데리다 "
4648;"그랜트 스나이더 "
4649;"마샤 리네한 "
4650;"알베르토 망겔 "
4651;"엘리 맥케이 "
4652;"마틴 반 크레벨드 "
4653;"원하나 "
4654;"조정진 "
4655;"이종훈 "
4656;"나카네 하지메 "
4657;"임지현 "
4658;"김미향 "
4659;"매들린 밀러 "
4660;"김멜라"
4661;"정희원 "
4662;"최은옥 "
4663;"친타오 "
4664;"구본권 "
4665;"성혜림 "
4666;"박준호 "
4667;"우라사와 나오키 "
4668;"노명우 "
4669;"정창조"
4670;"J. M. 쿳시 "
4671;"김만중 "
4672;"김시덕 "
4673;"루이 알튀세르 "
4674;"작가1 "
4675;"미치오 슈스케 "
4676;"정유정"
4677;"최항순 "
4678;"창작동인 뿔 "
4679;"김덕희 "
4680;"키라 밴 겔더 "
4681;"리처드 이스털린 "
4682;"그렉 이건 "
4683;"기형도 "
4684;"모리사와 아키오 "
4685;"전효성 "
4686;"다구치 미키토 "
4687;"맹기완 "
4688;"카라타치 하지메 "
4689;"조너선 에임즈 "
4690;"남다은 "
4691;"박성규 "
4692;"이강룡 "
4693;"이보현 "
4694;"아카세가와 겐페이 "
4695;"아르센 벵거 "
4696;"김영기 "
4697;"최혜진 "
4698;"반병현 "
4699;"허지영 "
4700;"김환기 "
4701;"매튜 프레더릭"
4702;"브로니슬라프 게레멕 "
4703;"이승우"
4704;"금희 "
4705;"오가와 이토 "
4706;"윤소리 "
4707;"아툴 가완디 "
4708;"나카자와 케이지 "
4709;"타카하타 이사오 "
4710;"고정희 "
4711;"마누엘 푸익 "
4712;"헤르타 뮐러 "
4713;"커트 보니것 "
4714;"카와치 하루카 "
4715;"패트리샤 폴라코 "
4716;"에드거 앨런 포우 "
4717;"이경혜 "
4718;"레이니 테일러 "
4719;"정진호 "
4720;"닥터베르 "
4721;"우와노 소라 "
4722;"미셀 푸코 "
4723;"데이비드 크리스천"
4724;"김지운 "
4725;"앨버트 라슬로 바라바시 "
4726;"브라이언 아자렐로"
4727;"에드윈 A. 애벗 "
4728;"이완배 "
4729;"막심 샤탕 "
4730;"강대석 "
4731;"주노 디아스 "
4732;"마시모 그라멜리니 "
4733;"에우리피데스 "
4734;"시미즈 다이스케 "
4735;"벤 올린 "
4736;"홍수열 "
4737;"츠지무라 미즈키 "
4738;"하근찬 "
4739;"빔 벤더스 "
4740;"선우환 "
4741;"까오페이 "
4742;"엘리 골드렛 "
4743;"김은희 "
4744;"허수경 "
4745;"윤고은 "
4746;"방선주선생님저작집간행위원회 (엮은이)"
4747;"라이너 마리아 릴케 "
4748;"샐리 루니 "
4749;"찰스 로버트 다윈 "
4750;"새뮤얼 헌팅턴 "
4751;"한스 게오르크 가다머 "
4752;"무라야마 유카 "
4753;"최인철"
4754;"귀스타브 르 봉 "
4755;"장병구 "
4756;"비카스 스와루프 "
4757;"권누리 "
4758;"잭 캔필드"
4759;"마시밀리아노 프레자토 "
4760;"엠마누엘레 베르토시 "
4761;"박혜윤 "
4762;"제임스 P. 호건 "
4763;"호리에 히로키 "
4764;"츠루마이카다 "
4765;"이창익 "
4766;"해리엣 비처 스토 "
4767;"김외현"
4768;"서윤후 "
4769;"토머스 해리스 "
4770;"이주연 "
4771;"전하현 "
4772;"아미르 D. 악젤 "
4773;"쿠오오 부부 "
4774;"이송이 "
4775;"기리노 나쓰오 "
4776;"N잡하는 허대리 "
4777;"윤지영 "
4778;"나카지마 히로유키"
4779;"우유니게"
4780;"미바"
4781;"마크 밀러 "
4782;"테오도어 W. 아도르노 "
4783;"미쓰다 신조"
4784;"애슐리 마델 "
4785;"남동욱 "
4786;"아미르 레빈"
4787;"나영정"
4788;"존 로스만 "
4789;"존 밴빌 "
4790;"박소영 "
4791;"김보라 "
4792;"정승규 "
4793;"킨드라 홀 "
4794;"마하트마 K. 간디 "
4795;"이꽃님 "
4796;"김동희 "
4797;"데이비드 빈센트 "
4798;"손혜원 "
4799;"톰 버틀러 보던 "
4800;"김성환 "
4801;"츠다 마사미 "
4802;"조르조 바사니 "
4803;"렘니스케이트 "
4804;"실레스트 잉 "
4805;"백두현 "
4806;"진강훈 "
4807;"로얼드 호프만 "
4808;"마유즈키 준 "
4809;"이원호 "
4810;"조지 레이코프 "
4811;"윤정은 "
4812;"리처드 폴 에번스 "
4813;"다카하시 루미코 "
4814;"후은 "
4815;"귀스타브 플로베르 "
4816;"요슈타인 가아더 "
4817;"로런 그로프 "
4818;"손열음 "
4819;"엘버트 허버드 "
4820;"설혜심 "
4821;"르네 데카르트 "
4822;"제시카 노델 "
4823;"권여름 "
4824;"잭 웰치"
4825;"정태성"
4826;"로저 젤라즈니 "
4827;"전이수 "
4828;"짐 크루거 "
4829;"프레드 울만 "
4830;"조남호 "
4831;"필립파 페리 "
4832;"제리 크래프트 "
4833;"EBS 자본주의 제작팀 "
4834;"최현주 "
4835;"마크 오코널 "
4836;"서귤 "
4837;"엘리 "
4838;"주경철 "
4839;"김혜린 "
4840;"임승국 "
4841;"소피 콜린스 "
4842;"미야자키 마사카츠 "
4843;"로베르트 발저 "
4844;"진 리스 "
4845;"김영식 "
4846;"빅토리아 히슬롭 "
4847;"칸바 마유코 "
4848;"파커 J. 파머 "
4849;"패트릭 와이먼 "
4850;"김윤경 "
4851;"이성복 "
4852;"사쿠이시 해럴드 "
4853;"정혁용 "
4854;"가쿠타 미츠요 "
4855;"서박하 "
4856;"최원석 "
4857;"이노야 코토바 "
4858;"우춘희 "
4859;"이철완 (엮은이)"
4860;"M. 스캇 펙 "
4861;"한정현"
4862;"박명성 "
4863;"이효석 "
4864;"김도훈"
4865;"김태용 (글)"
4866;"경향신문 젠더기획팀 "
4867;"416세월호참사 작가기록단 "
4868;"해리 클리프 "
4869;"마크 애론슨"
4870;"미시마 유키오 "
4871;"오토다케 히로타다 "
4872;"이경남 "
4873;"제레미 번 "
4874;"이금희 "
4875;"제니 오델 "
4876;"귄터 그라스 "
4877;"박형준"
4878;"개리 비숍 "
4879;"최승욱 "
4880;"데이비드 포스터 월리스 "
4881;"신미경 "
4882;"피터 드러커"
4883;"김언정 "
4884;"전수일 "
4885;"도널 오셔 "
4886;"강이슬 "
4887;"히어리 "
4888;"대니얼 J. 레비틴 "
4889;"김겨울 "
4890;"하마구치 류스케"
4891;"줌파 라히리 "
4892;"토야마 시게루 "
4893;"모니크 위티그 "
4894;"전방욱 "
4895;"하워드 막스 "
4896;"박정민 "
4897;"김경욱"
4898;"이승우 "
4899;"메리디스 후퍼 "
4900;"문경민 "
4901;"스테파니 몰턴 사키스 "
4902;"김재훈 "
4903;"사이먼 워드 "
4904;"강영호 "
4905;"이혜 "
4906;"앤서니 기든스 "
4907;"팻 브라운 "
4908;"오헬리엉 루베르"
4909;"키쿠치 유우키 "
4910;"연상호"
4911;"박종복 "
4912;"최장순 "
4913;"강민희 "
4914;"홍진채 "
4915;"홍지흔 "
4916;"서민 "
4917;"김지안 "
4918;"문병로 "
4919;"요코미조 세이시 "
4920;"가오싱젠 "
4921;"정성훈 "
4922;"김현진 "
4923;"바오 파이 "
4924;"정유라"
4925;"서은국 "
4926;"장 앙리 파브르 "
4927;"크리스토퍼 놀란 "
4928;"아마기 세이마루 "
4929;"김현구 "
4930;"이영직 "
4931;"남보라"
4932;"카를 마르크스 "
4933;"개빈 앰브로즈"
4934;"앙리 베르그송 "
4935;"프랭크 허버트 "
4936;"임용한"
4937;"드미트리 글루코프스키 "
4938;"대니얼 크로스비 "
4939;"김현아 "
4940;"오이시 히로토"
4941;"안숭범 "
4942;"육호수 "
4943;"박지숙 "
4944;"로저 에버트 "
4945;"크리스 크라우스 "
4946;"제프 시나바거 "
4947;"이사벨 아옌데 "
4948;"조영달"
4949;"에드워드 H. 카 "
4950;"지두 크리슈나무르티 "
4951;"맷 포트나우"
4952;"은유 "
4953;"이선 "
4954;"세상의모든지식 "
4955;"리사 크론 "
4956;"티에리 코엔 "
4957;"캐스린 포브즈 "
4958;"다니엘 살미에리 "
4959;"조앤 디디온 "
4960;"임철우 "
4961;"서현 "
4962;"최수영"
4963;"아담 스미스 "
4964;"한국성소수자연구회 "
4965;"담비사 모요 "
4966;"미역의효능 "
4967;"스콧 스나이더 "
4968;"아라카와 나오시 "
4969;"이일영 "
4970;"남석관 "
4971;"손무 "
4972;"게르하르트 슈뢰더 "
4973;"대니얼 예긴 "
4974;"제이비림 "
4975;"투팍 샤커 "
4976;"아사미 마사카즈"
4977;"제닌 커민스 "
4978;"오동진 "
4979;"미하일 불가코프 "
4980;"가와바타 야스나리 "
4981;"황순원 "
4982;"안도 유마 (글)"
4983;"김주환 "
4984;"닛케이 빅데이터 "
4985;"제임스 M. 케인 "
4986;"스에노부 게이코 "
4987;"임하운 "
4988;"사노 나미 "
4989;"지야 통 "
4990;"홍윤철 "
4991;"맥스 브룩스 "
4992;"이토 준지 "
4993;"이철승 "
4994;"Annie Kubler (그림)"
4995;"박지은 (옮긴이)"
4996;"이반지하 "
4997;"티에리 타옹 "
4998;"박경숙 "
4999;"조너선 하이트 "
5000;"김승옥"
5001;"김은주 "
5002;"M. J. 알리지 "
5003;"가리 "
5004;"마이클 코널리 "
5005;"홍자연 "
5006;"양성민"
5007;"노자 "
5008;"박희철 "
5009;"이중원 "
5010;"이케모토 미키오"
5011;"조장원 "
5012;"김재웅 "
5013;"문보영 "
5014;"미르치아 엘리아데 "
5015;"마리 야호다"
5016;"존 스칼지 "
5017;"장 크리스토프 그랑제 "
5018;"정선근 "
5019;"스티븐 윌리엄 호킹"
5020;"박신애 "
5021;"하말넘많 "
5022;"콜슨 화이트헤드 "
5023;"신동진 "
5024;"류현재 "
5025;"곽은영 "
5026;"김희경 "
5027;"야마모토 히데오 "
5028;"윤아랑 "
5029;"윤제림 "
5030;"억수씨 "
5031;"샬롯 졸로토 (글)"
5032;"파스칼 키냐르 "
5033;"마리오 바르가스 요사 "
5034;"전유성 "
5035;"쥘리아 크리스테바 "
5036;"궤도 "
5037;"임세원 "
5038;"이현철 "
5039;"윌리엄 T. 로 "
5040;"시리얼 "
5041;"하브 에커 "
5042;"마이클 J. 모부신 "
5043;"정하윤 "
5044;"에른스트 H. 곰브리치 "
5045;"금정연 "
5046;"도우리 "
5047;"이건"
5048;"피트 데이비스 "
5049;"232"
5050;"켄 리우 "
5051;"발터 아벤트로트 "
5052;"민병훈 "
5053;"표도르 도스토예프스키 "
5054;"타라 웨스트오버 "
5055;"루이스 새커 "
5056;"허지원 "
5057;"올레그 V. 흘레브뉴크 "
5058;"크리스티나 램 "
5059;"크리스 웨어 "
5060;"윌리엄 무가야 "
5061;"해리 G. 프랭크퍼트 "
5062;"티모시 윌슨 "
5063;"J John "
5064;"한국과학기술학회"
5065;"프레드 포드햄 "
5066;"박민규"
5067;"박혜성 "
5068;"니콜로 마키아벨리 "
5069;"신상목 "
5070;"폴 트렘블레이 "
5071;"주언규"
5072;"핼리 루벤홀드 "
5073;"클레망틴 보베 "
5074;"조동인 "
5075;"서재근 "
5076;"황의석 "
5077;"옌롄커 "
5078;"신가영 "
5079;"스타니스와프 렘 "
5080;"목정원 "
5081;"크레이그 톰슨 "
5082;"김경진"
5083;"테렌스 볼"
5084;"Walter Rudin "
5085;"타카기 나오코 "
5086;"신영준"
5087;"대니얼 카너먼 "
5088;"배예람 "
5089;"곽해선 "
5090;"정혜윤 "
5091;"레이 브래드버리 "
5092;"박용삼 "
5093;"김재희 "
5094;"존 케네디 툴 "
5095;"카일 스트로벨"
5096;"최진영"
5097;"로버트 노직 "
5098;"한야 야나기하라 "
5099;"미치오 카쿠 "
5100;"모하메드 음부가르 사르 "
5101;"아베 코보 "
5102;"메리 앤 스타니스제프스키 "
5103;"쿠쉬완트 싱 "
5104;"응웬 빈 프엉"
5105;"로버트 코마이어 "
5106;"고봉만 "
5107;"이소라 "
5108;"타케시마 에쿠 "
5109;"송효정"
5110;"레이 몽크 "
5111;"박소진 "
5112;"이동규 "
5113;"대니얼 골먼"
5114;"슈테판 클라인 "
5115;"레몬심리 "
5116;"라우라 에스키벨 "
5117;"바트 어만 "
5118;"나카노 교코 "
5119;"박서련 "
5120;"히로 "
5121;"박연선 "
5122;"조지프 콘래드 "
5123;"이동건 "
5124;"반유화 "
5125;"베레나 카스트 "
5126;"신예희 "
5127;"신용목 "
5128;"김지호 "
5129;"조긍호 "
5130;"조경규 "
5131;"임종업 "
5132;"찰스 사치 "
5133;"윌 듀런트 "
5134;"최윤일 "
5135;"박상길 "
5136;"김규현 "
5137;"작자미상 "
5138;"노먼 맬컴 "
5139;"유진 로건 "
5140;"김병운 "
5141;"에드몽 로스탕 "
5142;"김서진 "
5143;"7th Expansion ryukishi07 "
5144;"허버트 조지 웰스 "
5145;"존 윌리엄스 "
5146;"토마스 프랭크 "
5147;"정지용 "
5148;"제이디 스미스 "
5149;"정영욱 "
5150;"오타카 시노부 "
5151;"김필영 "
5152;"박경순 "
5153;"고도 토키오 "
5154;"정유석 "
5155;"신영우 "
5156;"박균호 "
5157;"소준철 "
5158;"뉴턴 가버"
5159;"헨리 나우웬 "
5160;"샤힌 아크타르 "
5161;"Anderson Cooper"
5162;"문성원 "
5163;"이기호"
5164;"미다스 데커스 "
5165;"발터 뫼어스 "
5166;"천계영 "
5167;"전시진"
5168;"서민아 "
5169;"지나 매킨타이어 "
5170;"송범근 "
5171;"폴 블룸 "
5172;"전인구 "
5173;"데이비드 로지 "
5174;"최명화"
5175;"KBS &lt;슈퍼차이나&gt; 제작팀 "
5176;"비카스 샤 "
5177;"클리프 쿠앙"
5178;"안보윤 "
5179;"후쿠모토 노부유키 "
5180;"이스마일 카다레 "
5181;"아니 에르노"
5182;"강진아 "
5183;"썬킴 "
5184;"조승원 "
5185;"수월 "
5186;"오테사 모시페그 "
5187;"김병호 "
5188;"아오야기 아이토 "
5189;"존 셀라스 "
5190;"마리커 뤼카스 레이네펠트 "
5191;"장하석 "
5192;"실비아 플라스 "
5193;"이범선 "
5194;"강지호 "
5195;"서영은 "
5196;"김희진 "
5197;"요제프 알로이스 슘페터 "
5198;"존 소포릭 "
5199;"하미나 "
5200;"마크 해던 "
5201;"조엘 슈월츠버그 "
5202;"쓰쓰미 료지로 "
5203;"김성모 "
5204;"질 라보 "
5205;"파블로 네루다 "
5206;"폴커 키츠"
5207;"백온유 "
5208;"최병천 "
5209;"강석균 "
5210;"크리스토퍼 켄월시 "
5211;"치고지에 오비오마 "
5212;"김지환 "
5213;"홍승은 "
5214;"손희준 (글)"
5215;"임옥희 "
5216;"윤혜정 "
5217;"제임스 맥브라이드 "
5218;"조리 존"
5219;"아이리스 머독 "
5220;"아라이 마마레 "
5221;"주디스 버틀러 "
5222;"얀 "
5223;"D. P. 라일 "
5224;"미치오 가쿠 "
5225;"이시다 스이 "
5226;"김범석 "
5227;"하워드 슐츠"
5228;"아소 하로 "
5229;"더프 백더프 "
5230;"브래들리 본드 "
5231;"김대수 "
5232;"마셰리 "
5233;"션 머피 "
5234;"무라카미 모토카 "
5235;"가지와라 시게루 "
5236;"진 크레이그헤드 조지 "
5237;"조선수 "
5238;"바바라 G. 워커 "
5239;"레이먼드 카버"
5240;"박준상 "
5241;"김영탁 "
5242;"마이클 A. 싱어 "
5243;"릭 라이어던 "
5244;"분당강쌤 "
5245;"랑또 "
5246;"빅토르 E. 프랑클 "
5247;"장류진"
5248;"호소다 마모루 "
5249;"유정호 "
5250;"이규희 "
5251;"미셸 에켐 드 몽테뉴 "
5252;"너새니얼 호손 "
5253;"박솔뫼 "
5254;"엘리 그리피스 "
5255;"쇠얀 키에르케고르 "
5256;"제임스 대시너 "
5257;"허경 "
5258;"마이클 브린 "
5259;"존 맥코믹 "
5260;"김혜정 "
5261;"존 엘리스 "
5262;"김은경 "
5263;"유수진 "
5264;"트리나 폴러스 "
5265;"마르타 바탈랴 "
5266;"후데요시 주니치로 (그림)"
5267;"돌배 "
5268;"이유선 "
5269;"김상현 "
5270;"막스 베버 "
5271;"아오키 유야 (글)"
5272;"드로우앤드류 "
5273;"타일러 라쉬 "
5274;"사이먼 사이넥 "
5275;"안도 유마 "
5276;"이인직 "
5277;"이선옥 "
5278;"최서영 "
5279;"앤서니 케니 "
5280;"임향옥 "
5281;"너새니얼 호손"
5282;"조너선 스위프트 "
5283;"하루 "
5284;"간다 마사노리 "
5285;"김동리 "
5286;"어빙 고프먼 "
5287;"새뮤얼 딜레이니 "
5288;"서진선 "
5289;"모리야마 미야코 "
5290;"맹자 "
5291;"모옌 "
5292;"전우용 "
5293;"박주영 "
5294;"고란"
5295;"천관율"
5296;"김응준 "
5297;"정영수 "
5298;"고명재"
5299;"버나드 루이스 (엮은이)"
5300;"안나 레이드 "
5301;"정다정 "
5302;"안성은"
5303;"손보미 "
5304;"박혜선 "
5305;"닐 스티븐슨 "
5306;"연세대학교 인문학연구원 "
5307;"세스 노터봄 "
5308;"설재인 "
5309;"장유정"
5310;"장 피에르 디오네"
5311;"권인찬 "
5312;"찰스 포드 "
5313;"김지선 "
5314;"풍몽룡 "
5315;"하상욱 "
5316;"히사이시 조 "
5317;"위화 "
5318;"오바타 다케시 "
5319;"앤드루 H. 놀 "
5320;"펑유란 "
5321;"젤리빈 "
5322;"장폴 뒤부아 "
5323;"아사다 스구루 "
5324;"모리스 클라인 "
5325;"김이강 "
5326;"유목민 "
5327;"김태경 "
5328;"존 템플턴 "
5329;"오츠이치 "
5330;"이동민 (옮긴이)"
5331;"시몬 드 보부아르 "
5332;"소라치 히데아키 "
5333;"존 치버 "
5334;"백은하 (글)"
5335;"너대니얼 호손 "
5336;"고레에다 히로카즈"
5337;"가키야 미우 "
5338;"Kent Kennan "
5339;"지지엔즈 "
5340;"피터 린치 "
5341;"조한혜정 "
5342;"박세니 "
5343;"마틴 핸드포드 "
5344;"사와무라 이치 "
5345;"후지마루 "
5346;"김예지 "
5347;"루쉰 "
5348;"로버트 J. 소여 "
5349;"신카이 마코토 "
5350;"강수영"
5351;"정한아 "
5352;"필립 얀시 "
5353;"할 엘로드"
5354;"웃음을찾는사람들 "
5355;"문지혁 "
5356;"도리스 메르틴 "
5357;"류은숙 "
5358;"발터 게를라흐 "
5359;"한인정 "
5360;"마크 헤이머 "
5361;"가와이 단 "
5362;"윤이형"
5363;"캐시 박 홍 "
5364;"시몬 베유 "
5365;"크리스티안 프라가 (엮은이)"
5366;"이와하라 유지 "
5367;"홍성욱 "
5368;"장프랑수아 샤바 "
5369;"한스 라트 "
5370;"이재은 "
5371;"랜디 저커버그 "
5372;"허태연 "
5373;"요시다 타이치"
5374;"E. A. 웨스터마크 "
5375;"마이클 영 "
5376;"유경현"
5377;"울라브 하우게 "
5378;"송명빈 "
5379;"사토 쇼고 "
5380;"아노 카렌 "
5381;"로베르토 볼라뇨 "
5382;"시공사 편집부 (엮은이)"
5383;"오천석 (엮은이)"
5384;"이원하 "
5385;"고봉만 (옮긴이)"
5386;"김민철 "
5387;"질 볼트 테일러 "
5388;"구리 료헤이"
5389;"김지연 "
5390;"왕샤오보 "
5391;"비비안 마이어"
5392;"최배근 "
5393;"조성식 "
5394;"이향은"
5395;"C. J. 튜더 "
5396;"잼 "
5397;"야마나 유코 "
5398;"제네시스박 "
5399;"김모아"
5400;"이토 고이치로 "
5401;"이혁진 "
5402;"고규홍 "
5403;"토머스 새비지 "
5404;"박정웅 "
5405;"한스-게오르크 호이젤 "
5406;"배성환 "
5407;"조지 버나드 쇼 "
5408;"심민아 "
5409;"조영태 "
5410;"우부카타 도우 "
5411;"필 맥그로 "
5412;"한봉호"
5413;"하야마 아마리 "
5414;"이나가키 리이치로"
5415;"팻 플린 "
5416;"조경래 "
5417;"산만언니 "
5418;"좋은비 "
5419;"블라디미르 장켈레비치 "
5420;"이본 쉬나드 "
5421;"잭 골드스톤 "
5422;"문영미 "
5423;"헬렌 가비 "
5424;"조승우 "
5425;"홍지운 "
5426;"수전 손택 "
5427;"오츠카 유우조 (글)"
5428;"제임스 S. 게일 "
5429;"Inc. Dorling Kindersley"
5430;"기 드 모파상 "
5431;"김영주 "
5432;"이보나 흐미엘레프스카 "
5433;"코지 쇼헤이 "
5434;"마이 티 응우옌 킴 "
5435;"미셸 투르니에 "
5436;"스노우캣"
5437;"미야자키 하야오 "
5438;"엔도 타츠야 "
5439;"아우구스투스 스트린드베리 "
5440;"마사 누스바움 "
5441;"손영종 "
5442;"아모스 오즈 "
5443;"김수행 "
5444;"김민태"
5445;"황석영"
5446;"타케이 히로유키 "
5447;"황세연 "
5448;"은수연 "
5449;"더글러스 호프스태터 "
5450;"Ronald N. Giere"
5451;"모리스 샌닥 "
5452;"게르하르트 슈타군 "
5453;"더글러스 호프스태터"
5454;"야오야오 마반아스 "
5455;"이과형"
5456;"리처드 바크 "
5457;"박소희 "
5458;"얀 카이에르스 "
5459;"기 드 모파상"
5460;"노구치 사토시 "
5461;"황지현 "
5462;"데이비드 핸드 "
5463;"유진 오닐 "
5464;"장진 "
5465;"장 아메리 "
5466;"V.S. 나이폴 "
5467;"안드레 애치먼 "
5468;"유미리 "
5469;"고영근 "
5470;"그레이슨 페리 "
5471;"아누크 부아로베르"
5472;"Erwin Kreyszig "
5473;"프리드리히 막스 뮐러 "
5474;"마르틴 하이데거 "
5475;"박종인 "
5476;"삭 "
5477;"라일라 "
5478;"전고운"
5479;"모종린 "
5480;"염상섭 "
5481;"금난새 "
5482;"마르틴 브로샤트 "
5483;"햇살콩 "
5484;"알렉산드르 솔제니친 "
5485;"김성한 "
5486;"구세나"
5487;"존 밀턴 "
5488;"한연주 "
5489;"마이크 브라운 "
5490;"임진아 "
5491;"스미노 요루 "
5492;"앤디 라일리 "
5493;"디디에 에리봉 "
5494;"에드워드 윌슨 "
5495;"조지 아사쿠라 "
5496;"리사 주얼 "
5497;"크리스천 러더 "
5498;"오빠두"
5499;"김인육 "
5500;"홍현익 "
5501;"민은기"
5502;"베르너 하이젠베르크 "
5503;"허문선"
5504;"김훈종"
5505;"테리 케이 "
5506;"위기철 (글)"
5507;"메수트 외질"
5508;"폴 뇌플러"
5509;"마스무라 다케시 "
5510;"주성철 "
5511;"황모과 "
5512;"데이브 맥킨"
5513;"이원영 "
5514;"김개미 "
5515;"이영철 "
5516;"싱아 "
5517;"최훈 "
5518;"브루스 부에노 데 메스키타"
5519;"김상욱"
5520;"로런스 블록"
5521;"강영숙 "
5522;"카이타니 시노부 "
5523;"김경필 "
5524;"주잔네 쇠츠 "
5525;"마사카즈 카츠라 "
5526;"마크 스펜서 "
5527;"에이버리 비숍 "
5528;"빌 마틴 주니어"
5529;"에릭 바커 "
5530;"브렌트 슐렌더"
5531;"맛타쿠모스케"
5532;"정은정 "
5533;"정선용"
5534;"JPT초고수위원회 "
5535;"이수연 "
5536;"정세랑"
5537;"샬롯 퍼킨스 길먼 "
5538;"블루플라워 "
5539;"김병철 "
5540;"라이먼 프랭크 바움 "
5541;"조지 웨스터먼"
5542;"김호동 "
5543;"돈 드릴로 "
5544;"야도노 카호루 "
5545;"고바야시 모토후미 "
5546;"오쿠 히로야 "
5547;"이종식 "
5548;"리러하 "
5549;"장수양 "
5550;"요시모토 바나나"
5551;"장나래"
5552;"박영훈"
5553;"캘빈 S. 홀"
5554;"비 윌슨 "
5555;"레나테 멘치 "
5556;"손영운 (글)"
5557;"로버트 미지크 "
5558;"클린트 이스트우드 "
5559;"돈 리차드 리소"
5560;"가와카미 데쓰야 "
5561;"쿠르트 뫼저 "
5562;"마이클 모스 "
5563;"다나카 요시키 "
5564;"센개 "
5565;"정환용 "
5566;"스기타 아쓰시 "
5567;"리드 호프먼"
5568;"브램 스토커 "
5569;"김찬용 "
5570;"레일라 슬리마니 "
5571;"신도현"
5572;"로버트 A. 하인라인 "
5573;"김인자 "
5574;"김설아"
5575;"지뷜레 펜트 "
5576;"피터 프랭코판 "
5577;"인문학협동조합 (엮은이)"
5578;"앨리스 로버츠 "
5579;"낢"
5580;"패트릭 맥길리건 "
5581;"권순우 "
5582;"이황 "
5583;"테리 이글턴 "
5584;"버지니아 리 버튼 "
5585;"김영익"
5586;"허태균 "
5587;"야자와 아이 "
5588;"윌리엄 손다이크 "
5589;"최은미 "
5590;"최윤"
5591;"찰리 맥커시 "
5592;"셀레스트 응 "
5593;"레너드 서스킨드"
5594;"이승윤"
5595;"테드 창"
5596;"베르톨트 브레히트 "
5597;"빵떡씨 "
5598;"박병성 "
5599;"김유철"
5600;"배리 스마트 "
5601;"정소현 "
5602;"미우치 스즈에 "
5603;"러셀 브런슨 "
5604;"루이사 발렌수엘라"
5605;"류츠신 "
5606;"김엄지 "
5607;"정우식 "
5608;"조세핀 테이 "
5609;"노웅래 (엮은이)"
5610;"우지현 "
5611;"손수현"
5612;"스티븐 부디안스키 "
5613;"나웅준 "
5614;"마에카와 타케시 "
5615;"구혜선 "
5616;"후지사키 류 "
5617;"김윤이 "
5618;"앙드레 지드 "
5619;"칸자카 하지메 "
5620;"윤서인 "
5621;"강방천"
5622;"할란 엘리슨 "
5623;"오토모 가츠히로 "
5624;"루이-페르디낭 셀린 "
5625;"박영욱 "
5626;"모로호시 다이지로 "
5627;"토니 로빈스 "
5628;"게르드 브란튼베르그 "
5629;"애덤 스미스 "
5630;"헨드릭 하멜 "
5631;"존 J. 머피 "
5632;"복만두 "
5633;"김기현 "
5634;"마쓰오 유미 "
5635;"마르쿠스 가브리엘 "
5636;"헤르만 코흐 "
5637;"서유미 "
5638;"김영화 "
5639;"아일러 "
5640;"강무홍 (옮긴이)"
5641;"허구성 "
5642;"혀노 "
5643;"김하나 "
5644;"정장진 "
5645;"캐서린 메이 "
5646;"피터 J. 보울러"
5647;"조돈형 "
5648;"박성혜"
5649;"유은실 "
5650;"김민섭 "
5651;"주닝 "
5652;"사예 "
5653;"클레이튼 M. 크리스텐슨"
5654;"와츠키 노부히로 "
5655;"김숨 "
5656;"안리타 "
5657;"로먼 크르즈나릭 "
5658;"마츠모토 나오야 "
5659;"나오미 앨더먼 "
5660;"아지즈 안사리"
5661;"황지우 "
5662;"문병호 "
5663;"아서 코넌 도일 "
5664;"와타나베 타카히로 "
5665;"김동광 "
5666;"권미선 "
5667;"케이시 "
5668;"에릭 홉스봄"
5669;"치누아 아체베 "
5670;"후지노 지야 "
5671;"황여정 "
5672;"추공 "
5673;"임민경 "
5674;"신상철 "
5675;"이디스 워튼 "
5676;"슈테판 헤어브레히터 "
5677;"크리스텔 프티콜랭 "
5678;"박준석 "
5679;"이일범 (엮은이)"
5680;"손창섭 "
5681;"조윤호 "
5682;"김혜민"
5683;"김원우 "
5684;"그레함 핸콕 "
5685;"대니얼 월리스 "
5686;"마쓰나가 게이코 "
5687;"이임숙 "
5688;"시로 마사무네 "
5689;"사이먼 윈체스터 "
5690;"소냐 류보머스키 "
5691;"오비디우스 "
5692;"애덤 모턴 "
5693;"도그냥"
5694;"딘 버넷 "
5695;"이창현 "
5696;"아놀드 슈워제네거 "
5697;"짐 홀트 "
5698;"이이화 "
5699;"마이클 블룸 "
5700;"이홍 "
5701;"이희영 "
5702;"박태웅 "
5703;"스티븐 스트로가츠 "
5704;"이상우 "
5705;"레이첼 카슨 "
5706;"앨리슨 벡델 "
5707;"김경욱 "
5708;"오트프리트 프로이슬러 (글)"
5709;"한스 아우구스토 레이 "
5710;"리사 핍스 "
5711;"이만희 "
5712;"안용덕 "
5713;"차양훈 "
5714;"W. 브루스 카메론 "
5715;"레이 프렌샴 "
5716;"스타니슬라프 그로프 "
5717;"추적단 불꽃 "
5718;"하루하라 로빈슨 "
5719;"그레고리 배스햄"
5720;"아르투르 쇼펜하우어 "
5721;"Makoto OJIRO "
5722;"모리 코지 "
5723;"안토니오 가리도 "
5724;"약국 "
5725;"백범영 (그림)"
5726;"윤승운 "
5727;"피에르 부르디외 "
5728;"탁현민 "
5729;"닉 매기울리 "
5730;"일묵 "
5731;"매트 리들리 "
5732;"데이빗 헨리 황 "
5733;"문웅 "
5734;"고영훈 "
5735;"목수정 "
5736;"이다슬 "
5737;"카린 포숨 "
5738;"우오토 "
5739;"세스 스티븐스 다비도위츠 "
5740;"쿠사노 타쿠미 "
5741;"세실 비도 "
5742;"조너선 사프란 포어 "
5743;"쉬셴장 "
5744;"필립 클로델 "
5745;"연동원 "
5746;"오기환 "
5747;"갈로아 "
5748;"정대건 "
5749;"김리윤"
5750;"송전창 "
5751;"에바 린드스트룀 "
5752;"원종우"
5753;"조수경 "
5754;"장두이"
5755;"다이애나 콜즈 "
5756;"황헌 "
5757;"김사과"
5758;"김종해 "
5759;"리사 이오띠 "
5760;"현경민"
5761;"데즈먼드 모리스 "
5762;"비올렌 르루아 "
5763;"정토웅 "
5764;"윤후명 "
5765;"소윤 "
5766;"소금툰 "
5767;"손힘찬"
5768;"고명재 "
5769;"윌리엄 S. 버로스 "
5770;"니콜라스 V. 랴자놉스키"
5771;"Simpson Kim "
5772;"하야시다 큐 "
5773;"유종해"
5774;"seri "
5775;"리베카 긱스 "
5776;"손병관 "
5777;"로버트 멍어 "
5778;"김지선 (옮긴이)"
5779;"수 클리볼드 "
5780;"매튜 D.커크패트릭 "
5781;"애덤 플레처 "
5782;"이미상 "
5783;"송진권 "
5784;"파스칼 프레이 (글)"
5785;"요한 하위징아 "
5786;"천선란"
5787;"박승준 "
5788;"휘프 바위선 "
5789;"피터 고프리스미스 "
5790;"엘리자베스 로즈너 "
5791;"사뮈엘 베케트 "
5792;"서희경 (옮긴이)"
5793;"에피쿠로스 "
5794;"황병승 "
5795;"댄 주래프스키 "
5796;"산조 리쿠 "
5797;"천광우 "
5798;"비스와바 쉼보르스카 "
5799;"하성란"
5800;"에이모 토울스 "
5801;"이태복 "
5802;"클레망 셰루 "
5803;"손흥민 "
5804;"배상민 "
5805;"존 코널리 "
5806;"박태원 "
5807;"양안다 "
5808;"구로카와 유지 "
5809;"신규환 "
5810;"콜린 랭커스터 "
5811;"장재인 "
5812;"김달님 "
5813;"재닛 로우 "
5814;"김웅 "
5815;"크래프톤 "
5816;"가지타니 가이"
5817;"칼 폴라니 "
5818;"강민영 "
5819;"황영미 "
5820;"우르슐라 팔루신스카 "
5821;"아우구스티누스 "
5822;"채승연 "
5823;"배리나 "
5824;"아포스톨로스 독시아디스"
5825;"권석천 "
5826;"디파 아나파라 "
5827;"헨리 앨프리드 키신저 "
5828;"류쉬안 "
5829;"대니얼 Z. 리버먼"
5830;"오스카 E. 페르난데스 "
5831;"장자 "
5832;"야마구치 요헤이 "
5833;"제니스 캐플런 "
5834;"가토 토시노리 "
5835;"김종우 "
5836;"조우리 "
5837;"크리스 우드포드 "
5838;"POGO "
5839;"박주용 "
5840;"윤성희 "
5841;"에밀리 M. 댄포스 "
5842;"존 파이퍼 "
5843;"루이스 세풀베다 "
5844;"김인성 "
5845;"전건우 "
5846;"오타니 준코 "
5847;"제임스 글릭 "
5848;"델리아 오언스 "
5849;"가와무라 겐키 "
5850;"편자 미상 "
5851;"배문성 "
5852;"빌헬름 그림"
5853;"가라타니 고진 "
5854;"김행숙 "
5855;"오시미 슈조 "
5856;"제시카 무어 "
5857;"페르난도 바예호 "
5858;"알렉스 마이클리디스 "
5859;"테리 펜"
5860;"호르헤 루이스 보르헤스 "
5861;"앤서니 버지스 "
5862;"J. G. 프레이저 "
5863;"이지은 "
5864;"모리스 르블랑 "
5865;"김원철 "
5866;"조지프 피시킨 "
5867;"구재진"
5868;"오바 츠구미 "
5869;"더글라스 B. 홀트 "
5870;"이주영 "
5871;"안네 프랑크 "
5872;"카마치 카즈마 "
5873;"김경진 "
5874;"아돌포 비오이 카사레스 "
5875;"민디 캘링 "
5876;"빈스 에버트 "
5877;"은미희 "
5878;"박양근 "
5879;"아르투어 슈니츨러 "
5880;"서경석 "
5881;"홍준표 "
5882;"W. 테런스 고든"
5883;"오유정 "
5884;"Flaubert"
5885;"이나다 도요시 "
5886;"김진아 "
5887;"케이티 하네트 "
5888;"도미니크 오브라이언 "
5889;"애나 렘키 "
5890;"마르얀 사트라피 "
5891;"나운영 "
5892;"글로리아 J. 에반즈 "
5893;"아서 밀러 "
5894;"질 들뢰즈"
5895;"마크 뷰캐넌 "
5896;"윤정모 "
5897;"전민걸 "
5898;"복거일 "
5899;"마츠우라 다루마 "
5900;"윤정근 "
5901;"부승찬 "
5902;"후안 카를로스 오네티 "
5903;"은모든 "
5904;"실키 "
5905;"나혜석 "
5906;"백민석 "
5907;"김불꽃 "
5908;"윤순석 "
5909;"이혜미 "
5910;"무츠 도시유키 "
5911;"황경식 "
5912;"김성민 "
5913;"길 베트먼 "
5914;"카이 버드"
5915;"김겨울"
5916;"토머스 모어 "
5917;"에드워드 파머 톰슨 "
5918;"장동완 "
5919;"레슬리 제이미슨 "
5920;"원도 "
5921;"김관욱 "
5922;"우스타 쿄스케 "
5923;"브뤼노 라투르 "
5924;"카를로 콜로디 "
5925;"신큐 치에 "
5926;"올가 그레벤니크 "
5927;"도널드 밀러 "
5928;"콜린 후버 "
5929;"짐 알칼릴리"
5930;"나가야마 마사아키 "
5931;"김주혜 "
5932;"한창수 "
5933;"맥 바넷 (글)"
5934;"빅토르 마이어 쇤버거"
5935;"유태오 "
5936;"최원영 "
5937;"김기태"
5938;"강보원"
5939;"고티에 다비드"
5940;"리타 펠스키 "
5941;"샘 킨 "
5942;"강진호 "
5943;"쯔진천 "
5944;"비톨트 곰브로비치 "
5945;"카일 하퍼 "
5946;"에단 호크 "
5947;"전인평 "
5948;"도널드 레이 폴록 "
5949;"주원규 "
5950;"윤현승 "
5951;"MAAM "
5952;"카미죠 아키미네 "
5953;"이시카와 가즈오 "
5954;"나폴레온 힐 "
5955;"김진숙 "
5956;"나가베 "
5957;"하람 "
5958;"롭 램즈덴 "
5959;"손현주 "
5960;"도서관여행자 "
5961;"이상우"
5962;"최정례 "
5963;"이와무라 카즈오 "
5964;"마쓰이에 마사시 "
5965;"김철곤 "
5966;"가람 "
5967;"토리텔러 "
5968;"이서수 "
5969;"ZAKO "
5970;"베네딕트 앤더슨 "
5971;"엘리 위젤 "
5972;"정현주 "
5973;"리사 랜들 "
5974;"김종관 "
5975;"하현 "
5976;"하라 야스히사 "
5977;"강요배 "
5978;"사사키 다이스케 "
5979;"강남순 "
5980;"저스틴 클라크"
5981;"윌리엄 아이리시 "
5982;"백승만 "
5983;"야마구치 슈"
5984;"케이트 모튼 "
5985;"최민우 "
5986;"김의성"
5987;"안슬기 "
5988;"유계영 "
5989;"김미리 "
5990;"이마무라 마사히로 "
5991;"브라이언 크리스천"
5992;"연아 "
5993;"리처드 맥과이어 "
5994;"류키시07 "
5995;"권호영 "
5996;"하지은"
5997;"윌라 캐더 "
5998;"도나 바르바 이게라 "
5999;"미하일 레르몬토프 "
6000;"장성락"
6001;"서한나 "
6002;"케이틀린 오코넬 "
6003;"마시마 히로 "
6004;"아카마츠 츄가쿠"
6005;"이동진"
6006;"아일린 파워 "
6007;"허윤선 "
6008;"박찬욱 "
6009;"장 피에르 보 "
6010;"코야마 카리코 "
6011;"신재 "
6012;"최경화 "
6013;"이연수"
6014;"박은진"
6015;"김종률 "
6016;"데이비드 월러스 웰즈 "
6017;"자까 "
6018;"아스트리드 린드그렌 (글)"
6019;"고우 "
6020;"박성현 "
6021;"전진 "
6022;"앨버트 칸 "
6023;"메리 쿠비카 "
6024;"아서 크뢰버 "
6025;"구대회 "
6026;"니시야마 유리코 "
6027;"김규현 (엮은이)"
6028;"우쥔 "
6029;"오경재 "
6030;"마이클 크라이튼 "
6031;"필로 편집부 "
6032;"주디스 브라운 "
6033;"우사미 린 "
6034;"데이비드 린들리 "
6035;"S. J. 왓슨 "
6036;"레이먼드 챈들러 "
6037;"최현미 "
6038;"테오도르 W. 아도르노"
6039;"정종영 "
6040;"김애란"
6041;"코랄리 빅포드 스미스 "
6042;"배지훈 "
6043;"임명묵 "
6044;"앤 헬렌 피터슨 "
6045;"최강석 "
6046;"제임스 홀리스 "
6047;"정나영 "
6048;"박노해 "
6049;"크리스토퍼 거머 "
6050;"찬호께이 "
6051;"트루먼 커포티 "
6052;"후안 마누엘 마르꼬스 "
6053;"루이스 자네티 "
6054;"메리 셸리 "
6055;"김민수 "
6056;"김태광 "
6057;"박정준 "
6058;"압둘라자크 구르나 "
6059;"스반테 페보 "
6060;"나오미 크리처 "
6061;"김향안 "
6062;"이규영 "
6063;"쓰쓰이 야스타카 "
6064;"이가라시 다이스케 "
6065;"조벽 "
6066;"권보드래 "
6067;"바오 닌"
6068;"정지우 "
6069;"케이틀린 도티 "
6070;"강석기 "
6071;"피터 홀린스 "
6072;"볼테르 "
6073;"최진석 "
6074;"케빈 콴 "
6075;"박완서 (글)"
6076;"아나타 제람 "
6077;"바스티앙 비베스"
6078;"마리 다리외세크 "
6079;"조선희 "
6080;"칼 포퍼"
6081;"마크 라이너스 "
6082;"장승수 "
6083;"이시하라 넨 "
6084;"후지이 미호나 "
6085;"제니퍼 번 "
6086;"천유주 "
6087;"허진희 "
6088;"조 아라키 "
6089;"로저 블랙웰"
6090;"오노 코스케 "
6091;"사마천 "
6092;"프리츠 알호프 "
6093;"셰릴 빈트 "
6094;"칼 마르크스 "
6095;"최지은 "
6096;"박서련"
6097;"라인홀드 니버 "
6098;"레이첼 보츠먼 "
6099;"한자경 "
6100;"에두아르도 포터 "
6101;"하워드 진 "
6102;"몸문화연구소 "
6103;"수잔 올린 "
6104;"허구생 "
6105;"김언수 "
6106;"제임스 체셔"
6107;"호시 신이치 "
6108;"셜리 베이커"
6109;"김용키 "
6110;"블레즈 파스칼 "
6111;"김기수 "
6112;"박주운 "
6113;"시게노 슈이치 "
6114;"우도 라우흐플라이슈 "
6115;"김홍우 "
6116;"배유정 "
6117;"봄날 "
6118;"장준하 "
6119;"방현석"
6120;"위근우 "
6121;"이창수"
6122;"김승옥 "
6123;"박훈 "
6124;"톰 필립스 "
6125;"김규삼 "
6126;"안서현 외 "
6127;"해커스 군무원시험연구소 "
6128;"러셀 내피어 "
6129;"김정희 "
6130;"정상현 "
6131;"정병학"
6132;"강성민 "
6133;"조반느 "
6134;"오대환"
6135;"김일연 "
6136;"JRC 중국어연구소 "
6137;"앙투안 기요페 "
6138;"김에스더 "
6139;"미하엘 제발트 "
6140;"김지우"
6141;"김하늘 "
6142;"도서출판유성 편집부 "
6143;"서은경 "
6144;"진 윌리스 "
6145;"두보 "
6146;"강민경 "
6147;"제인 심 "
6148;"이종오 "
6149;"이우진 "
6150;"이건우"
6151;"서진 "
6152;"유영석 "
6153;"일신음악연구회 "
6154;"정주형 "
6155;"줄리 라르동 "
6156;"체이스 커닝엄 "
6157;"다이애나 킴"
6158;"김형준 "
6159;"오수아 "
6160;"R&D정보센터 "
6161;"성민석"
6162;"심진숙 "
6163;"강병철 "
6164;"수전 톰스 "
6165;"손승철 "
6166;"이상명 "
6167;"유시완 "
6168;"박정우 "
6169;"art 편집부 "
6170;"이승경"
6171;"강효백 "
6172;"한국리더스포럼 편집부 "
6173;"노애정 "
6174;"류미정 "
6175;"중앙경제사 편집부 (엮은이)"
6176;"배호영 "
6177;"강현석 "
6178;"구치모 "
6179;"진상귀 "
6180;"샐리 가드너 "
6181;"임종찬 "
6182;"김창범 "
6183;"매일성경 편집부 "
6184;"서울아카이브사진가그룹 "
6185;"황성하 "
6186;"김아가다 "
6187;"여운철 "
6188;"황희숙 "
6189;"SD적성검사연구소 (엮은이)"
6190;"필 M. 존스 "
6191;"SD적성검사연구소 "
6192;"한수정 "
6193;"이덕수"
6194;"김태평 "
6195;"NCS직무능력연구소 "
6196;"이인덕 "
6197;"Ira B. Wilson "
6198;"이갑규 "
6199;"김휘훈 "
6200;"케이온북 편집부 "
6201;"백경환 "
6202;"외식경영 편집부 "
6203;"비발디 "
6204;"전자과학 편집부 "
6205;"맹지나"
6206;"멘델스존 "
6207;"패션비즈 편집부 "
6208;"김범영 (엮은이)"
6209;"뉴스메이커 편집부 "
6210;"강경숙 "
6211;"박승수 "
6212;"이영수"
6213;"월간역학 편집부 "
6214;"이춘원 "
6215;"월간인물 편집부 "
6216;"퍼시픽북스 학술편찬국 "
6217;"이하우징 편집부 "
6218;"퍼시픽학술국 "
6219;"인포더 편집부 "
6220;"계림북스 편집부 (엮은이)"
6221;"시큐리티월드 편집부 "
6222;"지방자치연구소(주) 편집부 (엮은이)"
6223;"암환자지원센터 "
6224;"윤형근 "
6225;"기업나라 편집부 "
6226;"이나모리 가즈오 "
6227;"김석주 "
6228;"장선구 "
6229;"김영철 "
6230;"고아웃 편집부 "
6231;"해리엇 먼캐스터 "
6232;"정소령 "
6233;"김윤규 "
6234;"JH부사관시험연구소 "
6235;"에코탑월드북 편집부 "
6236;"1억치트키"
6237;"김용민"
6238;"다비드 칼리 "
6239;"김연택"
6240;"오제택 "
6241;"진길자 "
6242;"김정영 "
6243;"윤종문 "
6244;"마나르 알사라흐네 "
6245;"조은진 "
6246;"이현경 "
6247;"박선아 "
6248;"레오 티머스 "
6249;"노성환 "
6250;"최경선 "
6251;"백수혜 "
6252;"판쟈화 "
6253;"황모아"
6254;"전유리 "
6255;"이용희 "
6256;"오민정"
6257;"김석향 "
6258;"전숭규 "
6259;"정인모"
6260;"강민희"
6261;"윤홍빈"
6262;"김민철"
6263;"M. W. 크레이븐 "
6264;"상상국어평가연구소 "
6265;"주원준 "
6266;"김상균"
6267;"해광 편집부 "
6268;"설흔 "
6269;"이상복 "
6270;"김경민"
6271;"제임스 리카즈 "
6272;"양소영 "
6273;"김정은"
6274;"안강현 "
6275;"최낙삼 "
6276;"조성훈 "
6277;"키무라 슌"
6278;"켈리 양 "
6279;"박효근 "
6280;"이왕희"
6281;"박균성"
6282;"이효원 "
6283;"UAA 팀"
6284;"서명기"
6285;"설맞이 "
6286;"김현주"
6287;"조르주 로덴바흐 "
6288;"황철곤 "
6289;"Reader's Digest 편집부 "
6290;"이종복"
6291;"Mojang AB "
6292;"손호영 "
6293;"류창완 "
6294;"이재철 "
6295;"이상덕 "
6296;"JH부사관시험연구소 (엮은이)"
6297;"인현진"
6298;"이해원 "
6299;"이도경 "
6300;"내셔널지오그래픽 "
6301;"로직큐브 편집부 "
6302;"더피알 편집부 "
6303;"민경애"
6304;"이한철 "
6305;"장순욱 "
6306;"닐 리치 "
6307;"정항석 "
6308;"김창중"
6309;"김이삭 "
6310;"장길섭 "
6311;"이광 "
6312;"김유향 "
6313;"신광옥 "
6314;"조위 "
6315;"정현진"
6316;"김시홍"
6317;"김경배 "
6318;"시이오뉴스 편집부 "
6319;"황재호 "
6320;"양중근 "
6321;"최승수 "
6322;"이정암 "
6323;"서울문화사 편집부 "
6324;"신승희 "
6325;"다층 편집부 "
6326;"박성희 "
6327;"정지혜 "
6328;"동해 "
6329;"미하일 센마르토니 "
6330;"김풍배 "
6331;"정원철 "
6332;"월간 문학세계운영위원 "
6333;"워커스 편집부 "
6334;"한국선교신학회 "
6335;"이혜정"
6336;"윤우혁 "
6337;"북샘터 학술 편찬국 "
6338;"김옥진 "
6339;"조대현 "
6340;"유은종 "
6341;"이철재"
6342;"주형후 "
6343;"이지영 "
6344;"조희금 "
6345;"정명섭"
6346;"전진수 "
6347;"김익영 "
6348;"이진형"
6349;"전선진 "
6350;"국립현대미술관"
6351;"최병성 "
6352;"메디테라"
6353;"보건복지부 "
6354;"왕삼 "
6355;"머니위크 편집부 "
6356;"양정옥 "
6357;"대원키즈 편집부 "
6358;"최지연 "
6359;"은하수미디어 편집부 (구성)"
6360;"미란다 자낫카 "
6361;"전원생활 편집부 "
6362;"이도훈 "
6363;"정기용 "
6364;"박재민 "
6365;"마니아타임즈 편집부 "
6366;"GPT 개발포럼 "
6367;"윤산 "
6368;"대원앤북 편집부 "
6369;"김고운 "
6370;"이기덕 "
6371;"임형택"
6372;"사마키 다케오 "
6373;"씨에치오 얼라이언스 편집부 (엮은이)"
6374;"채승우 "
6375;"국회예산정책처 (엮은이)"
6376;"한국방송출판"
6377;"셰릴 웹스터 "
6378;"아달베르 카판지 "
6379;"낸시 슬로님 애러니 "
6380;"설이수 "
6381;"김정호 "
6382;"포스트 21 편집부 "
6383;"신상운 "
6384;"허주혜 "
6385;"박상현 "
6386;"콘텐츠그룹 재주상회 "
6387;"컴퓨터월드 편집부 "
6388;"신현용 "
6389;"김유강 "
6390;"펫미디어 편집부 "
6391;"증자"
6392;"월간원예 편집부 "
6393;"리처드 럼멜트 "
6394;"전동흔"
6395;"김소정 "
6396;"월간도예 편집부 "
6397;"이은미"
6398;"월간세라믹스 편집부 "
6399;"더리빙 편집부 "
6400;"조승혜 "
6401;"팝사인 편집부 "
6402;"네일홀릭 편집부 "
6403;"정종호 "
6404;"카테크 편집부 "
6405;"임베디드 월드 편집부 "
6406;"고상한 그림책 연구소 "
6407;"월간유아 편집부 "
6408;"이레디자인 편집부 "
6409;"강귀순 (엮은이)"
6410;"아이러브캐릭터 편집부 "
6411;"대원씨아이 편집부 "
6412;"이코노미스트 편집부 "
6413;"은하수미디어 편집부 (엮은이)"
6414;"레슬리 심스 "
6415;"이우식 "
6416;"한경비즈니스 편집부 "
6417;"심상법 "
6418;"나나풀 "
6419;"노호래 "
6420;"매경Economy 편집부 "
6421;"모데스토 가르시아 "
6422;"렉스트림 편집부 "
6423;"한창옥 "
6424;"쓺 편집부 "
6425;"홍재화 "
6426;"선정수 "
6427;"공하성 "
6428;"릴리 베일리 "
6429;"작가 편집부 "
6430;"전호태 "
6431;"권대현 "
6432;"이성준 "
6433;"이다은 "
6434;"이채현"
6435;"박순영 "
6436;"임종령 "
6437;"김진환 "
6438;"이인배 "
6439;"보그 편집부 "
6440;"박하 "
6441;"사마광 "
6442;"환경 편집부 "
6443;"이정록 "
6444;"윤혜경 "
6445;"코개 "
6446;"임서희 "
6447;"노진향 "
6448;"주영하 "
6449;"김혁붕"
6450;"자레드 바티"
6451;"김혁붕 "
6452;"대북협력민간단체협의회"
6453;"엠엠 편집부 "
6454;"에디스베르 외 4명 "
6455;"강민서 "
6456;"곰단지 편집부 "
6457;"박명옥 "
6458;"엘리너 레저 "
6459;"Ginny Moukaddem"
6460;"하선영 "
6461;"안세옥"
6462;"김래주 "
6463;"㈜조선뉴스프레스 "
6464;"이준호 "
6465;"통신선로기능사 문제연구회 "
6466;"한성환 "
6467;"동아이지에듀 편집부 "
6468;"이정원 "
6469;"손승현 "
6470;"김경은 "
6471;"최상식 "
6472;"오연주"
6473;"한국출판마케팅연구소 "
6474;"오수철"
6475;"한국수능교육원 편집부 "
6476;"심유식 "
6477;"재롱이 누나 "
6478;"김판기 "
6479;"빅이슈코리아 편집부 "
6480;"일본문화연구회 "
6481;"이후곤 "
6482;"넥서스콘텐츠개발팀 "
6483;"옥광석 "
6484;"쌍둥이 루지 (원작)"
6485;"림헹쉬 "
6486;"건축세계 편집부 "
6487;"김지은"
6488;"안완식"
6489;"이인순"
6490;"이훈병"
6491;"남궁근 "
6492;"이유운 "
6493;"온라인 대가족 2 "
6494;"김은심 "
6495;"박창제 "
6496;"송유진"
6497;"정복미 "
6498;"한국능률협회컨설팅 편집부 "
6499;"이해영 "
6500;"이코노미조선 편집부 "
6501;"탕무뉴 "
6502;"양우영"
6503;"이윤탁 "
6504;"류호준 "
6505;"시인들 편집부 "
6506;"대한불교진흥원 "
6507;"한상완 "
6508;"길벗 편집부 "
6509;"오덕환 "
6510;"이영 "
6511;"통계청 "
6512;"세실 엘마 로제 "
6513;"김진열"
6514;"양우 편집부 "
6515;"강소영 "
6516;"최지영 "
6517;"정진백 (엮은이)"
6518;"오유나 "
6519;"모빌리티미디어그룹 편집부 "
6520;"바 앤 다이닝 편집부 "
6521;"미션캠프"
6522;"한국약학교육협의회 예방약학분과회 "
6523;"도로교통공단 "
6524;"정우교 "
6525;"김재규 "
6526;"인디고"
6527;"프리다 맥파든 "
6528;"이임복 "
6529;"해커스 금융아카데미 "
6530;"최동녘 "
6531;"정인홍 "
6532;"김시윤 "
6533;"이아람 "
6534;"유민영 "
6535;"심미광 "
6536;"황윤정 "
6537;"샌드라 니켈 "
6538;"서철원 "
6539;"권순일 "
6540;"NE능률 영어교육연구소 "
6541;"김달영"
6542;"디즈니 "
6543;"권기진 "
6544;"고든 코먼 "
6545;"전상렬 "
6546;"황이수 "
6547;"대한건축학회 탄소중립위원회 "
6548;"배성호"
6549;"김양수"
6550;"김상호"
6551;"시사저널 편집부 "
6552;"김일옥 "
6553;"참여연대 "
6554;"이여니 "
6555;"머니투데이"
6556;"송진숙 "
6557;"박혜원 "
6558;"오수민 "
6559;"남소영 "
6560;"조남철 "
6561;"이소연 "
6562;"유청 "
6563;"최은설 "
6564;"DCM KOREA 편집부 "
6565;"챗GPT"
6566;"군사학연구회 "
6567;"오현석 "
6568;"주재술 "
6569;"브라보 시니어케어 "
6570;"송진주 "
6571;"이지안 "
6572;"우대경 "
6573;"윤영진 "
6574;"마이클 G. 스타키 "
6575;"신정원 "
6576;"브루스 베츠 "
6577;"김태호 "
6578;"샤먼 존스턴 "
6579;"프리셉트성경연구원 (엮은이)"
6580;"에릭 젠슨 "
6581;"권현욱 "
6582;"김동성 "
6583;"공무원시험연구소 "
6584;"장태상 "
6585;"혼Job취업연구소 "
6586;"데이비드 맥과이어 "
6587;"캐롤라인 영 "
6588;"이현진 "
6589;"황두용 "
6590;"임수진 "
6591;"SD어학연구소 "
6592;"이광영 "
6593;"한국부동산교육협회 (엮은이)"
6594;"조규영 "
6595;"최인혁 "
6596;"권진영 "
6597;"설인하 "
6598;"브누아 브레빌 "
6599;"이안 "
6600;"호담 "
6601;"이경아"
6602;"김하영 "
6603;"장민지 "
6604;"파티 편집부 "
6605;"시사피플투데이 편집부 "
6606;"Network times 편집부 "
6607;"환경과조경 편집부 "
6608;"미디어브리지 편집부 "
6609;"김달진미술연구소 "
6610;"씨이오앤 편집부 "
6611;"김관숙 "
6612;"다도사 편집부 "
6613;"배영미 "
6614;"빅미디어 편집부 "
6615;"SNS미디어 편집부 "
6616;"이영빈 "
6617;"가구가이드 "
6618;"한성민 "
6619;"트럭타임즈 편집부 "
6620;"박미나"
6621;"월간 오디오 편집부 "
6622;"와인리뷰 편집부 "
6623;"이인규"
6624;"한겨레21 편집부 "
6625;"최바사 "
6626;"사도시마 요헤이 "
6627;"철학문화연구소 "
6628;"민석규 "
6629;"박미정"
6630;"생활체육투데이 편집부 "
6631;"캐나다표준중문학교"
6632;"이미향 "
6633;"점프볼 편집부 "
6634;"펜과오늘 편집부 "
6635;"리더피아 편집부 "
6636;"라이드컴퍼니"
6637;"김정은 "
6638;"폴라 구더 "
6639;"박태환 "
6640;"최유리"
6641;"도민재 (옮긴이)"
6642;"정완상 "
6643;"안성희 "
6644;"돈블리 박순화 "
6645;"이영종 "
6646;"조지 C. 갤스터 "
6647;"김소희 "
6648;"김정기 "
6649;"딸기 "
6650;"416생명안전공원 예배팀 (엮은이)"
6651;"임병식 "
6652;"염기식 "
6653;"김진구 "
6654;"시사IN 편집국 "
6655;"조엘 R. 비키 "
6656;"주간동아 편집부 "
6657;"박길현 "
6658;"손영징 "
6659;"남기종"
6660;"한홍걸 "
6661;"김영배 "
6662;"송언근"
6663;"박은숙 "
6664;"정다건"
6665;"장재 "
6666;"비판사회학회 (엮은이)"
6667;"윤진숙 "
6668;"최순녀 "
6669;"임동균"
6670;"패스파인더"
6671;"Steven C. Chapra"
6672;"난주 "
6673;"한성윤 "
6674;"주간조선 편집부 "
6675;"비타 색빌웨스트 "
6676;"슈테판 츠바이크 "
6677;"맨프레드 F. R. 케츠 드 브리스 "
6678;"씨네21 편집부 "
6679;"문윤영"
6680;"이영우 "
6681;"위클리경향 편집부 "
6682;"이푸름"
6683;"박지향 "
6684;"와타리 마사히토 "
6685;"이상은 "
6686;"카나마루 유키 "
6687;"박대영 "
6688;"김대환 "
6689;"쿠마나노 "
6690;"임학수"
6691;"이대한 "
6692;"이덕주 "
6693;"김병기 "
6694;"마츠우라 "
6695;"박문각 취업연구소 "
6696;"김희연"
6697;"김성준 "
6698;"도승하 "
6699;"카미시로 쿄스케 "
6700;"어밀리아 호건 "
6701;"Bret A. Moore"
6702;"김남훈 "
6703;"이국령 "
6704;"말씀보존학회 편집부 "
6705;"배재민 "
6706;"이일성 "
6707;"무아 "
6708;"최병식 "
6709;"이재학 "
6710;"권지수 "
6711;"푸른숲글방 (엮은이)"
6712;"노진영 "
6713;"엄성환 "
6714;"인싸이트코리아 편집부 "
6715;"류선희 "
6716;"농민신문사 편집부 "
6717;"박영택 "
6718;"월간목회 편집부 "
6719;"김동원 "
6720;"최화국 "
6721;"황지혜 "
6722;"이인선 "
6723;"강창묵"
6724;"유문주"
6725;"김현우 "
6726;"조병호 "
6727;"NHK일어 편집부 "
6728;"AFKN영어 편집부 "
6729;"트렘퍼 롱맨 3세 "
6730;"CNB미디어"
6731;"이강수 "
6732;"로히 "
6733;"조광제 "
6734;"남기천"
6735;"캐드그래픽스 편집부 "
6736;"아키랩 편집부 "
6737;"건축문화 편집부 "
6738;"최용준"
6739;"해법수학연구회"
6740;"임보람 "
6741;"머리사 멜처 "
6742;"김덕관 "
6743;"정준호 "
6744;"박윤수 "
6745;"박재용 "
6746;"류인태 "
6747;"황호덕"
6748;"정희창"
6749;"사랑의교회 북한사랑의선교부 "
6750;"김춘권 "
6751;"스텔라 "
6752;"태사문학회 "
6753;"존 두켓 "
6754;"윤선태 "
6755;"손호규 "
6756;"노근호 "
6757;"에이프릴지저스 편집부 "
6758;"조용현 "
6759;"송광호 "
6760;"북저널리즘 편집부 "
6761;"공우석 "
6762;"황정식 "
6763;"이지펜아카데미 연구소 "
6764;"고기택 "
6765;"칵스 "
6766;"SWU作 2022 "
6767;"공병인 "
6768;"박유경 "
6769;"차범석 "
6770;"캐스린 페트라스"
6771;"우영신 "
6772;"한국산문작가협회 "
6773;"이래학 "
6774;"설레다"
6775;"박동숙 "
6776;"이영미 "
6777;"박요한 "
6778;"김은의 "
6779;"노희영 "
6780;"조영욱 "
6781;"박수곤"
6782;"스타에듀 편집부 "
6783;"홍성준"
6784;"이관형 "
6785;"강병오"
6786;"이현수 "
6787;"남규진 "
6788;"김윤아 "
6789;"스티비 "
6790;"애플비 편집부 "
6791;"무역을 꿈꾸는 사람들 연구소"
6792;"고영균 "
6793;"김경태 "
6794;"정경택"
6795;"SD 군무원시험연구소 "
6796;"물류관리연구소 "
6797;"허권수 "
6798;"L. M. Alex "
6799;"김미자 "
6800;"브루스 베츠"
6801;"플렉스이엔엠 편집부 "
6802;"메이커스 주니어 편집팀 "
6803;"이승아 "
6804;"월간가드닝 편집부 "
6805;"PC사랑 편집부 "
6806;"연합뉴스 동북아센터 "
6807;"김용희 "
6808;"미대입시사 편집부 "
6809;"권미용 "
6810;"씨이오 타임 편집부 "
6811;"사진 편집부 "
6812;"로베르타 파사노티 "
6813;"곽영미 "
6814;"지원림 "
6815;"이승훈 "
6816;"쿠로다 쿠로타 "
6817;"카네모리 아야미 "
6818;"하타 켄지로 "
6819;"김미희 "
6820;"김민규 "
6821;"홍미숙 "
6822;"토미 아키히토 "
6823;"리베카 롤런드 "
6824;"조용석 "
6825;"아마가쿠레 기도 "
6826;"임지영 "
6827;"다아라 편집부 "
6828;"이동민 "
6829;"박상기 "
6830;"더뮤지컬 편집부 "
6831;"토니 브래드먼 "
6832;"아망 편집부 "
6833;"이상주 "
6834;"미자리온"
6835;"비디오플러스 편집부 "
6836;"James Earls"
6837;"최부희"
6838;"케반 보글러 "
6839;"정영호"
6840;"사이토 아유무 "
6841;"김남중 "
6842;"FUNA "
6843;"타나카 유 "
6844;"타카마츠 츠바사 "
6845;"임성관 "
6846;"김성기 "
6847;"김대현 "
6848;"유에스게임즈 "
6849;"3B2S "
6850;"이미상"
6851;"황윤 "
6852;"최성 "
6853;"정지은 "
6854;"조지 손더스 "
6855;"달빛 "
6856;"이시 히로유키 "
6857;"이나래 "
6858;"김승우"
6859;"빈곤의 인류학 연구팀 "
6860;"송은혜 "
6861;"피에르 르메트르 "
6862;"김영 "
6863;"권혁진 "
6864;"마이 셰발"
6865;"제니퍼 프레이저 "
6866;"예예 "
6867;"이호선 "
6868;"로스 브런"
6869;"빅터 D.O. 산토스 "
6870;"임승수 "
6871;"캐시 오닐 "
6872;"모리세 시게토모 "
6873;"사토 마사히코 "
6874;"엘리자베스 쇼버 "
6875;"최훈"
6876;"이은규 "
6877;"히로세 레이코 "
6878;"일로나 팜플로나 "
6879;"세라 백스터 "
6880;"정연식 "
6881;"박치은 "
6882;"홍성화 "
6883;"마셜 골드스미스 "
6884;"앙리 지델 "
6885;"전은경 "
6886;"디트리히 본회퍼 "
6887;"고선규 "
6888;"이관휘 "
6889;"말이야와 친구들 "
6890;"오카모토 유이치로 "
6891;"이리앨 "
6892;"앤 카슨 "
6893;"마크 매크린들"
6894;"김건형 "
6895;"정세영"
6896;"도현신 "
6897;"메리 아바제이 "
6898;"에드 용 "
6899;"앤 루니 "
6900;"애너벨 앱스 "
6901;"하야미 카즈마사 "
6902;"이케스에 쇼타 "
6903;"이승훈"
6904;"김종율"
6905;"박정혜 "
6906;"필로사 미나미 "
6907;"피에니 시에니 "
6908;"권영상 "
6909;"마치다 소노코 "
6910;"백욱인 "
6911;"고우리 "
6912;"모치즈키 료코 "
6913;"이은주"
6914;"김용택 (엮은이)"
6915;"앤드루 첸 "
6916;"tvN STORY &lt;벌거벗은 한국사&gt; 제작진 "
6917;"일간 소울영어 "
6918;"히구치 유미코 "
6919;"김석범 "
6920;"최광식 "
6921;"윤복원 "
6922;"하야시 기린 "
6923;"최규영 "
6924;"파스칼 메르시어 "
6925;"한태민"
6926;"정재율 "
6927;"부희령 "
6928;"최용환 "
6929;"우주살롱 "
6930;"가브리엘라 미스트랄 "
6931;"제이포럼"
6932;"포도알친구 "
6933;"강석희 "
6934;"손미나 "
6935;"브라이언 엘리엇"
6936;"안드레아스 모리츠 "
6937;"김유 "
6938;"이상헌 "
6939;"이수정 "
6940;"히데시마 후미카 "
6941;"임창복 "
6942;"김진방 "
6943;"윤세경 "
6944;"이레네 바예호 "
6945;"강환국"
6946;"정지원"
6947;"염규현 "
6948;"아인 랜드 "
6949;"안정기"
6950;"심전일운 "
6951;"전해주 "
6952;"구라이 무키 "
6953;"박정용 "
6954;"전삼혜 "
6955;"셸비 반 펠트 "
6956;"장영태 "
6957;"안수찬"
6958;"해나 개즈비 "
6959;"김청귤"
6960;"시우신위"
6961;"댄 코커렐 "
6962;"박승철 "
6963;"조선일보 경제부 (엮은이)"
6964;"미야케 리이치 "
6965;"에이미 네주쿠마타틸 "
6966;"NHK 「100분 만에 명작 읽기」 제작팀 "
6967;"멍개 "
6968;"요시다 에리카 "
6969;"MR.BOOKS "
6970;"게르트 기거렌처"
6971;"윤글 "
6972;"엄한진 "
6973;"아널드 J. 토인비 "
6974;"조던 스콧 "
6975;"리처드 울프 "
6976;"에마뉘엘 토드 "
6977;"김민희"
6978;"월터 윙크 "
6979;"뤼카 샹셀 "
6980;"패트릭 아리 "
6981;"케이시 매퀴스턴 "
6982;"조니 마르시아노"
6983;"양지예 "
6984;"한명수 "
6985;"김해완 "
6986;"전우성 "
6987;"정연철 "
6988;"배동철 "
6989;"알렉스 강 "
6990;"요코미치 마코토 "
6991;"박현옥 "
6992;"한문도 "
6993;"요스트 A. M. 메이를로 "
6994;"인현진 "
6995;"정회일 "
6996;"테리 스미스 "
6997;"이윤정 "
6998;"브리티시 멘사 "
6999;"유래혁 "
7000;"고재석 "
7001;"제임스 포스켓 "
7002;"정창욱 "
7003;"스테퍼니 프레스턴 "
7004;"이임숙"
7005;"박진우"
7006;"마쓰다 유키히로 "
7007;"김유신 "
7008;"정재은 (글)"
7009;"토깽이네 "
7010;"이삼수 "
7011;"임유신 "
7012;"애브니 도시 "
7013;"고정순 "
7014;"권지안"
7015;"양선 "
7016;"현호정 "
7017;"박웅현"
7018;"김종욱 "
7019;"이리쿠라 다카시 "
7020;"김주연 "
7021;"이소야마 타다시 "
7022;"에마뉘엘 케시르-르프티 "
7023;"서선정 "
7024;"한날 "
7025;"양윤정"
7026;"한병진 "
7027;"바루 "
7028;"BGA 백그라운드아트웍스 "
7029;"티파니 D. 잭슨 "
7030;"쟈오 재이 시란 "
7031;"남택수 "
7032;"성완 "
7033;"고수리"
7034;"윤주복 "
7035;"고현경"
7036;"차우진 "
7037;"박선희 "
7038;"이규탁 "
7039;"조슈아 베커 "
7040;"미아키 스가루 "
7041;"이규식 "
7042;"이강용 "
7043;"박진호"
7044;"쿤룬 "
7045;"블라디미르 마야콥스키 "
7046;"김강현 "
7047;"김학이 "
7048;"연필선인장 편집부 "
7049;"안도 주코 "
7050;"박세연 "
7051;"사이먼 반즈 "
7052;"한태희 "
7053;"이난영 "
7054;"토머스 페인 "
7055;"장아미 "
7056;"우사미 마코토 "
7057;"글렌 N. 로비슨 박사 "
7058;"예림아이 편집부 "
7059;"배리 스트라우스 "
7060;"김슬옹"
7061;"허호준 "
7062;"로라 코완 "
7063;"기구름 "
7064;"캐릭온TV (원작)"
7065;"구가인 "
7066;"모세영 "
7067;"빌 슈트 "
7068;"비즈워치 생활경제부 "
7069;"허정윤 "
7070;"모니크 드 케르마데크 "
7071;"박민수 "
7072;"권석우 "
7073;"토머스 칼라일 "
7074;"이마이 미치 "
7075;"최경식 "
7076;"오로라 마르디가니아"
7077;"장 스타로뱅스키 "
7078;"이준희 "
7079;"진민섭 "
7080;"타가미 코이치"
7081;"홍은화"
7082;"제프 로슨 "
7083;"마쓰오카 코우 "
7084;"래들리 밸런타인 "
7085;"라시드 앗 딘 "
7086;"문태선 "
7087;"임수현 "
7088;"안젤린 불리 "
7089;"손자"
7090;"응우옌후이티엡 "
7091;"김이설 "
7092;"마츠다 슈카 "
7093;"마이클 이그나티에프 "
7094;"쓰시마 유코 "
7095;"여세실 "
7096;"쌍딸 "
7097;"보스토크 프레스 편집부 (엮은이)"
7098;"매트 브라운 "
7099;"디팩 초프라"
7100;"정한욱 "
7101;"클라우스 뮐한 "
7102;"캐럴 스티버스 "
7103;"알렉산더 R. 갤러웨이 "
7104;"문종길"
7105;"로베르트 무질 "
7106;"빅토리아 베이트먼 "
7107;"배명훈 "
7108;"루성옌 "
7109;"맥스 부트 "
7110;"루퍼트 러셀 "
7111;"구도 노리코 (원작)"
7112;"김홍배 "
7113;"더나은삶TV"
7114;"정영경 "
7115;"슈뻘맨 (원작)"
7116;"이윤석"
7117;"스무조 "
7118;"무라야마 사키 "
7119;"서수용 "
7120;"이선 도일 화이트 "
7121;"김승환 "
7122;"에픽테토스 "
7123;"정도상 "
7124;"김윤석"
7125;"고희정 "
7126;"이사벨라 치엘리 "
7127;"이원재 "
7128;"홍지애 "
7129;"김보희 "
7130;"가지나가 마사시 "
7131;"리처드 레스탁 "
7132;"패트리샤 로버츠-밀러 "
7133;"유승민 "
7134;"윌리엄 H. 브록 "
7135;"김언정 (글)"
7136;"이주윤 "
7137;"인생학교 "
7138;"김재련 "
7139;"케이트 호지스 "
7140;"윤태성 "
7141;"치넨 미키토 "
7142;"박상미 "
7143;"공원국"
7144;"고바야시 아쓰시 "
7145;"이자벨 핀 "
7146;"브리애나 위스트 "
7147;"시이나 타카시 "
7148;"고래 "
7149;"빅아이 인공지능 연구소 "
7150;"김수민 "
7151;"정인정 "
7152;"남유하 "
7153;"이기봉 "
7154;"박현민 "
7155;"개빈 프레터피니 "
7156;"김언호 "
7157;"김회권 "
7158;"신병주 "
7159;"도미니크 르쿠르 "
7160;"최현수"
7161;"예림당 편집부 "
7162;"하모니 베커 "
7163;"댄 모레인 "
7164;"정경윤"
7165;"트레이시 웨스트 "
7166;"에디 자카파 "
7167;"슈테파니 크비터러 "
7168;"선자은 (글)"
7169;"유이하 "
7170;"김삼웅 "
7171;"석영중 "
7172;"엘리즈 그라벨 "
7173;"이주아 "
7174;"헤르만 지몬"
7175;"안드레아스 슈트뢸레"
7176;"이자켓 "
7177;"이인호 "
7178;"정찬주 "
7179;"권오영"
7180;"에이미 벤더 "
7181;"김성호 "
7182;"크레센트 드래곤왜건 "
7183;"김월회 "
7184;"오창훈"
7185;"데이먼 크루코프스키 "
7186;"정영은 "
7187;"데이비드 윌콕 "
7188;"로라 후앙 "
7189;"재단법인 여해와함께 편집부 "
7190;"공공을 위한 과학기술인 포럼 "
7191;"더글라스 케네디"
7192;"김은주"
7193;"이누이 사에코 "
7194;"한나 스타크 "
7195;"노은지 "
7196;"공재희"
7197;"남정현 "
7198;"악스트 편집부 "
7199;"스테파노 만쿠소 "
7200;"조소영 "
7201;"루퐁이 "
7202;"가네시로 가즈키 "
7203;"김혜영 "
7204;"김해진 "
7205;"이샘"
7206;"안광복 "
7207;"강보라"
7208;"낸시 콜리어 "
7209;"곽재식"
7210;"하라 켄야 "
7211;"박동창 "
7212;"배우리 "
7213;"권경인 "
7214;"오데사 비게이 "
7215;"박김수진 "
7216;"이종호 "
7217;"이길재 "
7218;"이관호 "
7219;"이철성 "
7220;"지넷 윈터슨 "
7221;"정브르 "
7222;"강왕구"
7223;"이동연"
7224;"성해나 "
7225;"프리드리히 빌헬름 요제프 셸링 "
7226;"이희옥"
7227;"치코 멘데스"
7228;"마크 쿨란스키 "
7229;"츠즈이 "
7230;"사쿠라이 우미 "
7231;"정희모 "
7232;"정연경 "
7233;"송찬영"
7234;"기욤 피트롱 "
7235;"최진호 "
7236;"J. 폴 게티 "
7237;"래리 샤이너 "
7238;"이수아 "
7239;"이인석 "
7240;"쓰지모토 요시후미 "
7241;"치도 "
7242;"전병규"
7243;"에두아르 르베 "
7244;"이현지 "
7245;"명대성 "
7246;"구로다 류노스케 "
7247;"스테판 탈티 "
7248;"김경미 "
7249;"프랭크 브루니 "
7250;"고상진 "
7251;"사카가미 가오리 "
7252;"김세윤 "
7253;"마크 갓시 "
7254;"이노우에 아쓰오 "
7255;"조사이아 오버 "
7256;"장영숙 "
7257;"권기환 "
7258;"서지원 "
7259;"박호성 "
7260;"최형준 "
7261;"다니엘 살나브 "
7262;"캐스 선스타인 "
7263;"버나드 맬러머드 "
7264;"루시 시글 "
7265;"사토 마이 "
7266;"누카가 미오 "
7267;"노하선 "
7268;"변광배 "
7269;"프랜시스 후쿠야마 "
7270;"리사 엉거 "
7271;"김기찬 "
7272;"사토 마도카 "
7273;"윌리엄 시어스"
7274;"이상헌"
7275;"사이 몽고메리 "
7276;"패트릭 칸스 "
7277;"이융희 "
7278;"김이환"
7279;"마쓰시타 고노스케 "
7280;"김한송 "
7281;"소린TV"
7282;"미카이아 존슨 "
7283;"이슬기 "
7284;"독일카씨 김강호 "
7285;"아쿠타가와 류노스케"
7286;"김원재 "
7287;"곰돌이 co."
7288;"곤살레스 마시아스 "
7289;"김익한 "
7290;"아닐 아난타스와미 "
7291;"이일야 "
7292;"장피에르 뒤피 "
7293;"오승협 "
7294;"야스미나 레자 "
7295;"스테이시 리 "
7296;"조우리"
7297;"잭 조던 "
7298;"김대식"
7299;"강태경 "
7300;"슬로우플로우 "
7301;"신동원 "
7302;"마틴 베일리 "
7303;"에디 하르트만"
7304;"아오야마 미치코 "
7305;"메리 앤 시그하트 "
7306;"양영희 "
7307;"최준철"
7308;"팽정은 "
7309;"유랑 "
7310;"구현우 "
7311;"박병우"
7312;"하리 "
7313;"미치코 가쿠타니 "
7314;"실비아 페데리치 "
7315;"데버라 터크하이머 "
7316;"조현영 "
7317;"전보라"
7318;"주경아"
7319;"주디스 자비스 톰슨 "
7320;"류이치 사카모토 "
7321;"제임스 카터 "
7322;"월리스 B. 멘덜슨 "
7323;"황혜영 (글)"
7324;"이택광 "
7325;"이건규 "
7326;"최나야"
7327;"박현모"
7328;"프라카시 나이르"
7329;"시마다 슌페이 "
7330;"단꿈아이 "
7331;"클레어 프리랜드"
7332;"유근표 "
7333;"기욤 고메즈 "
7334;"제시카 아우 "
7335;"토바 마틴 "
7336;"정윤선 "
7337;"조은혜 "
7338;"야마모토 다카미쓰 "
7339;"윤혜자 "
7340;"윤미숙 "
7341;"에드바르트 판 더 펜델"
7342;"이완 쿤 "
7343;"에즈라 파운드 "
7344;"감람 "
7345;"유기성 "
7346;"이종필 "
7347;"스캇 맥나이트"
7348;"백유연 "
7349;"권인하"
7350;"이언 뷰캐넌 "
7351;"윤영범 "
7352;"배정상"
7353;"로리 애쉬너"
7354;"서정혁 "
7355;"레이먼드 윌리엄스 "
7356;"김규정 "
7357;"다이앤 애커먼 "
7358;"이현희 (글)"
7359;"우에노 지즈코"
7360;"봉달호 "
7361;"곽범신 (옮긴이)"
7362;"송호근"
7363;"티아고 포르테 "
7364;"오연홍 (엮은이)"
7365;"김아람 "
7366;"최재훈 (글)"
7367;"엘리자베스 윌슨 "
7368;"포포 포로덕션 "
7369;"김혜원 "
7370;"장차현실 "
7371;"조용우 "
7372;"소사장소피아"
7373;"크리스티앙 몽테스"
7374;"김단 "
7375;"모종린"
7376;"박산호 "
7377;"윤지호"
7378;"제인 맥고니걸 "
7379;"청예 "
7380;"니나 브로크만"
7381;"폴커 키츠 "
7382;"고켄테쓰 "
7383;"팀 콜린스 "
7384;"장수환 "
7385;"전춘화 "
7386;"멜 트레고닝 "
7387;"고대영 "
7388;"강석호 "
7389;"앨런 피즈 "
7390;"필립 K. 딕"
7391;"이나미 "
7392;"알렉상드르 졸리앵 "
7393;"목광수"
7394;"이정은"
7395;"남성현 "
7396;"재럿 J. 크로소치카 "
7397;"발 플럼우드 "
7398;"엘린 색스 "
7399;"팀 히긴스 "
7400;"정보영"
7401;"부스 타킹턴 "
7402;"그라치아 델레다 "
7403;"세르브 언털 "
7404;"켄 스탬퍼"
7405;"심철흠 "
7406;"양승희 "
7407;"노나카 토모소 "
7408;"임치균"
7409;"이린 "
7410;"김상협 "
7411;"엘리자베스 슈뢰더 "
7412;"5·18민중항쟁고등학생동지회 "
7413;"김성훈 "
7414;"와키 마사유키 "
7415;"다카야마 하네코 "
7416;"홍승 "
7417;"데이비드 맥레이니 "
7418;"김미영"
7419;"천희란 "
7420;"헤더 위벨스 "
7421;"폴 록하트 "
7422;"삽사롱 "
7423;"강남길 "
7424;"카토 리나 "
7425;"김유원 "
7426;"마르코 알베라 "
7427;"표명희 "
7428;"캐스린 페이지 하든 "
7429;"유즈키 아사코 "
7430;"윌리엄 블레이크 "
7431;"에티엔느 드 라 보에시 "
7432;"가토 게이지 "
7433;"나카야 미와 "
7434;"박이선 "
7435;"이은선 "
7436;"기쿠치 치키 "
7437;"바츨라프 스밀 "
7438;"장정윤"
7439;"노라 도스네스 "
7440;"마크 미너비니 "
7441;"폴 킬데아 "
7442;"인제대학교 해운대백병원"
7443;"장한별 "
7444;"줄리엣 가드너 "
7445;"임기홍 "
7446;"천운영 "
7447;"알렉산드라 앤드루스 "
7448;"김명철 "
7449;"노광준 "
7450;"알렉산드르 샤르댕 "
7451;"헬렌 카"
7452;"효기심 "
7453;"황두형 "
7454;"급식왕 "
7455;"강승임 "
7456;"쓰쓰미 "
7457;"오거스타 맥마흔"
7458;"에즈메이 웨이준 왕 "
7459;"티모테 드 퐁벨 "
7460;"우에가키 와타루 "
7461;"민병운"
7462;"이은지 "
7463;"손재권"
7464;"김준송 "
7465;"유가영 "
7466;"이동순 "
7467;"존 스트레레키 "
7468;"마리 사빈 로제 "
7469;"로버트 맥팔레인 "
7470;"몬스테라 "
7471;"오데드 갤로어 "
7472;"마츠바라 준코 "
7473;"최승호 "
7474;"박경조 "
7475;"흔희 "
7476;"야마노 히로키 "
7477;"수지 린필드 "
7478;"김진기 "
7479;"김선기"
7480;"한주주"
7481;"앤서니 데이비드 "
7482;"신상진 "
7483;"류한석 "
7484;"데이비드 맥컬레이 "
7485;"고자쿠라 스즈 "
7486;"로버트 C. 솔로몬 "
7487;"에르난 디아스 "
7488;"임영빈 "
7489;"토마스 레온치니 "
7490;"김형국 "
7491;"패런 필립스 "
7492;"어은정 "
7493;"이헌주 "
7494;"다케다 이사미 "
7495;"장 프랑수아 하비 "
7496;"김금선 "
7497;"자일리 아마두 아말 "
7498;"브렌던 웬젤 "
7499;"유계영"
7500;"이호영 "
7501;"다키와 아사코 "
7502;"김광민 "
7503;"위잉스 "
7504;"고바야시 히로유키 "
7505;"김진섭 "
7506;"나카야마 가호 "
7507;"류랑도 "
7508;"정세원"
7509;"히키타 요시아키 "
7510;"김유겸"
7511;"조너선 갓셜 "
7512;"조우성 "
7513;"베키 블레이즈 "
7514;"윤여림 "
7515;"이정호 "
7516;"어메이징푸드 "
7517;"아마도지 "
7518;"Zephyrus "
7519;"플레밍 러틀리지 "
7520;"옥효진 "
7521;"사이다 "
7522;"조규미 "
7523;"로라 패쉬비 "
7524;"이상현 "
7525;"타나 프렌치 "
7526;"송주연 "
7527;"고도원"
7528;"조셉 머피 "
7529;"다쓰오카 아유무 "
7530;"김얀 "
7531;"아사쿠라 아키나리 "
7532;"탁현규 "
7533;"다이애나 도이치 "
7534;"전미경 "
7535;"마이클 슈어 "
7536;"양경민"
7537;"퀸틴 블레이크 "
7538;"폴 메이슨 "
7539;"클라리시 리스펙토르 "
7540;"엠제이"
7541;"숀다 라임스 "
7542;"고이시 유카 "
7543;"오프라 윈프리 "
7544;"리차드 브라우티건 "
7545;"손은혜 "
7546;"댄 히스 "
7547;"매거진 B 편집부 "
7548;"Tom Taylor "
7549;"이진순 "
7550;"김소진 "
7551;"김태훈 "
7552;"노라 에프론 "
7553;"이가희 "
7554;"제시카 팬 "
7555;"유윤한 "
7556;"로버트 E. 하워드"
7557;"제프 린제이 "
7558;"모나 숄레 "
7559;"여경 "
7560;"제니 블랙허스트 "
7561;"미네쿠라 카즈야 "
7562;"강승훈 "
7563;"제레드 쿠니 호바스 "
7564;"조영은 "
7565;"멀리사 브로더 "
7566;"이주현 "
7567;"능률영어교육연구소 (엮은이)"
7568;"수잔 샤키야"
7569;"롤프 브레드니히 "
7570;"이숙명 "
7571;"모야 사너 "
7572;"퍼트리샤 하이스미스 "
7573;"남형도 "
7574;"아르투어 슈니츨러"
7575;"나가오 가즈히로 "
7576;"이두온 "
7577;"구병모"
7578;"질 밸런타인 "
7579;"박서영 "
7580;"후루야 신이치 "
7581;"타키모토 타츠히코 "
7582;"와자와 키리 "
7583;"케닐워디 위스프 "
7584;"다이스케 테라사와 "
7585;"프레데릭 페테르스 "
7586;"데릭 톰슨 "
7587;"신상웅 "
7588;"변지영 "
7589;"마이클 루이스 "
7590;"로즈옹 "
7591;"윤성은 "
7592;"정청라 "
7593;"김찬호 "
7594;"키시모토 세이시 "
7595;"프랑수아 누델만 "
7596;"성동규 "
7597;"론 마라스코"
7598;"이수연 (원작)"
7599;"김서정 "
7600;"소소생 "
7601;"정경연"
7602;"요코야마 미츠테루 "
7603;"다이 시지에 "
7604;"서명숙 "
7605;"아빈저연구소 "
7606;"김성중 "
7607;"박진실 "
7608;"김은화 "
7609;"로렌 와이스버거 "
7610;"배준 "
7611;"야나세 다카시 "
7612;"오키타 밧카 "
7613;"박지혜"
7614;"이미경 "
7615;"오은 "
7616;"신재용 "
7617;"로이조 "
7618;"안경원숭이 "
7619;"김여진 "
7620;"다나베 세이코 "
7621;"사라 프라이어 "
7622;"우스이 요시토 "
7623;"로버트 맥키 "
7624;"유니유니"
7625;"데이비드 실베스터 "
7626;"대니얼 T. 윌링햄 "
7627;"남씨 "
7628;"미셸 파스투로 "
7629;"리브 스트룀키스트 "
7630;"김현 "
7631;"김영산"
7632;"도니 케이츠 "
7633;"김미중 "
7634;"박해로 "
7635;"복거일"
7636;"조장옥 "
7637;"캐런 M. 맥매너스 "
7638;"송지현 "
7639;"박덕규 "
7640;"이소은 "
7641;"J.M. 배리 "
7642;"밸러리 영 "
7643;"박수봉 "
7644;"그레이엄 무어 "
7645;"미셸 뷔시 "
7646;"샌디 호치키스 "
7647;"박한식"
7648;"민경찬 "
7649;"김이듬 "
7650;"장하은 "
7651;"OtvN 비밀독서단 제작팀 "
7652;"비비언 고닉 "
7653;"팸 스마이 "
7654;"오시마 노부요리 "
7655;"권경민 "
7656;"재스퍼 드윗 "
7657;"닐 포스트먼 "
7658;"박정희 "
7659;"홍희정 "
7660;"마거릿 미첼 "
7661;"파비안 직스투스 쾨르너 "
7662;"햐쿠타 나오키 "
7663;"이지은"
7664;"오주석 "
7665;"손보미"
7666;"김병철"
7667;"오성대 "
7668;"이와이 순지 "
7669;"클라우스 베른하르트 "
7670;"성유진"
7671;"안경희 "
7672;"한경찰 "
7673;"호조 츠카사 "
7674;"최태섭 "
7675;"혼마 야스코 "
7676;"윤여수 "
7677;"안도 유마"
7678;"사키 류조 "
7679;"d몬 "
7680;"김재주 "
7681;"민병도 "
7682;"김동현 "
7683;"이미화 "
7684;"로렌조 카르카테라 "
7685;"길지연 "
7686;"펄 S. 벅 "
7687;"정채봉 "
7688;"원유 "
7689;"금준경 "
7690;"네코마키 "
7691;"이상배 "
7692;"박지리 "
7693;"윤태호"
7694;"프로스페르 메리메 "
7695;"김현정 "
7696;"강상중 "
7697;"김설기 "
7698;"문나영 "
7699;"최은미"
7700;"제이슨 아론 "
7701;"박문영 "
7702;"박찬영"
7703;"벌린 클링켄보그 "
7704;"악셀 하케 "
7705;"데이비드 실즈 "
7706;"김민구 "
7707;"어도담 "
7708;"황미나 "
7709;"김학준 "
7710;"류승수 "
7711;"마틴 셀리그만 "
7712;"헬렌 한프 "
7713;"아기곰 "
7714;"김상조 "
7715;"마이클 로보텀 "
7716;"조민진 "
7717;"이광호 "
7718;"김산하 "
7719;"홋타 유미 (글)"
7720;"황예지 "
7721;"정영롱 "
7722;"앨버트 불라 "
7723;"한정현 "
7724;"서정복 "
7725;"패트릭 네스 "
7726;"GoAhead & Co. "
7727;"장강명"
7728;"린샤오베이 "
7729;"로버트 콩클린 "
7730;"안드레아스 크누프 "
7731;"엘리자베스 클레그헌 개스켈 "
7732;"고호관"
7733;"전지현 "
7734;"마테오 페리콜리 "
7735;"린다 개스크 "
7736;"디노 부차티 "
7737;"미카 "
7738;"정선균 "
7739;"필립 풀먼 "
7740;"김병욱 "
7741;"진영재 "
7742;"라그나르 요나손 "
7743;"김윤정 "
7744;"황숙진 "
7745;"E. M. 포스터 "
7746;"이소호 "
7747;"사이먼 크리츨리 "
7748;"진성림 "
7749;"윤영돈 "
7750;"후지사키 사오리 "
7751;"정시우 "
7752;"에릭 시걸 "
7753;"에드거 앨런 포 "
7754;"캐롯 "
7755;"니콜 크라우스 "
7756;"이윤희 "
7757;"여성민 "
7758;"채널A [서민갑부] 제작팀"
7759;"존 R. 스토트 "
7760;"박지원 "
7761;"지미 리아오 "
7762;"임승유 "
7763;"권김현영"
7764;"김동복"
7765;"김이환 "
7766;"디이트리히 본회퍼 "
7767;"조나단 M. 버만 "
7768;"궈징 "
7769;"김명화 "
7770;"이온 "
7771;"피비 "
7772;"황선애"
7773;"피플 애널리틱스 연구팀 "
7774;"김교석 "
7775;"마루 "
7776;"마르코스 마틴 (그림)"
7777;"미야지마 겐야 "
7778;"김홍기 "
7779;"백헌석"
7780;"옥새롬 "
7781;"미울 "
7782;"송수진 "
7783;"닐 게이먼"
7784;"윌리엄 맥어스킬 "
7785;"루크 제닝스 "
7786;"오찬호 "
7787;"샘 해리스 "
7788;"서은채 "
7789;"Brian Buccellatio "
7790;"서경식 "
7791;"들개이빨 "
7792;"백승욱 "
7793;"금보리 "
7794;"박승오"
7795;"박경효 "
7796;"남궁인 "
7797;"하수미 "
7798;"스카이 제서니 "
7799;"베셀 반 데어 콜크 "
7800;"유영민 "
7801;"개브리얼 제빈 "
7802;"타카하시 신 "
7803;"이주혜 "
7804;"서현주 "
7805;"이진경 "
7806;"정성희 "
7807;"데일 브레드슨 "
7808;"알렉스 쉬어러 "
7809;"스콧 롭델 "
7810;"벨랴코프 일리야 "
7811;"야마구치 타카유키"
7812;"진산 "
7813;"Marie "
7814;"아시베 다쿠 "
7815;"정수연 "
7816;"장마음 "
7817;"존 브래드쇼 "
7818;"수 블랙 "
7819;"이상신 "
7820;"정철운 "
7821;"엄기호 "
7822;"사이토 시게타 "
7823;"우메다 사토시 "
7824;"수전 J. 누난 "
7825;"토마스 브레치나 "
7826;"안시내 "
7827;"산베 케이 "
7828;"제시 앤드루스 "
7829;"최대호 "
7830;"앨리스 피니 "
7831;"타네무라 아리나 "
7832;"김펑 "
7833;"류준세 "
7834;"고코로야 진노스케 "
7835;"마샤 웰스 "
7836;"채종은 "
7837;"최재천 "
7838;"김신용 "
7839;"이새롬"
7840;"토드 부크홀츠 "
7841;"강영숙"
7842;"한정희 "
7843;"마이조 오타로 "
7844;"블레이크 크라우치 "
7845;"전성태"
7846;"최용범 "
7847;"광진 "
7848;"톰 롭 스미스 "
7849;"재영 책수선 "
7850;"메리 로취 "
7851;"켈리 반힐 "
7852;"허정숙 "
7853;"윤준환 "
7854;"도선우 "
7855;"김찬 "
7856;"유이영 "
7857;"이서희 "
7858;"장문정 "
7859;"유기선 "
7860;"j. 마이클 스트라진스키 "
7861;"신현암"
7862;"김효은 "
7863;"산뉘하이Kit "
7864;"클레어 맥킨토시 "
7865;"라즐로 복 "
7866;"카즈노스케 "
7867;"박용제 "
7868;"미카엘 올리비에 "
7869;"서결 "
7870;"직장내일 "
7871;"세이노 "
7872;"이주란 "
7873;"스티그 라르손 "
7874;"데니스 존슨"
7875;"닐 T. 앤더슨 "
7876;"알베르트 에스피노사 "
7877;"김희은 "
7878;"이영채 "
7879;"줄리아 캐머런 "
7880;"우에노 켄타로 "
7881;"박수현 "
7882;"프란스 드 발 "
7883;"유진 오닐"
7884;"아마노 아키라 "
7885;"울리히 슈나벨 "
7886;"앨런 폴섬 "
7887;"이은재 "
7888;"김광수"
7889;"임성순 "
7890;"토니 포터 "
7891;"로빈 스턴 "
7892;"필립 체스터필드 "
7893;"한혜연 "
7894;"자밀 자키 "
7895;"리처드 와이즈먼 "
7896;"김채원"
7897;"이수희 "
7898;"황경신 (글)"
7899;"양정무 "
7900;"신철규 "
7901;"위다 "
7902;"제프 키니 "
7903;"배정원 "
7904;"히노 마츠리 "
7905;"니나 브로크만 "
7906;"말랄라 유사프자이"
7907;"손수호 "
7908;"손지상 "
7909;"김연경 "
7910;"나희덕 "
7911;"벨 훅스 "
7912;"에멜리에 셰프 "
7913;"로버트 K. 레슬러 "
7914;"캘리 그로비에 "
7915;"로런스 쇼터 "
7916;"조앤 베이커 "
7917;"크리스티나 달처 "
7918;"민구 "
7919;"김인 "
7920;"기맹기 "
7921;"김영대 "
7922;"전동조 "
7923;"황학주 "
7924;"JP 덜레이니 "
7925;"함대진"
7926;"열린책들 편집부 "
7927;"월터 미셸 "
7928;"모빌스 그룹 "
7929;"니타 프로스 "
7930;"구인환 "
7931;"안주연 "
7932;"김래현 "
7933;"후지무라 시신 "
7934;"정현종 "
7935;"한희정"
7936;"피우진 "
7937;"기타가와 에미 "
7938;"캐리 "
7939;"어니스트 클라인 "
7940;"브라이언 마이클 벤디스 "
7941;"이중섭 "
7942;"류성용 "
7943;"볼프강 M. 슈미트"
7944;"에이미 스튜어트 "
7945;"알베르토 몬디"
7946;"마광수 "
7947;"정썸머 "
7948;"김미월 "
7949;"전병욱 "
7950;"루이제 린저"
7951;"조앤 플루크 "
7952;"최지훈 "
7953;"강원남 "
7954;"신민정 "
7955;"쿠보 타이토 "
7956;"우광호 "
7957;"박웅 "
7958;"천정환"
7959;"김미소 "
7960;"키키 키린 "
7961;"존 오브라이언 "
7962;"박생강 "
7963;"기혁 "
7964;"게리 덱스터 "
7965;"김건종 "
7966;"마크 스트랜드 "
7967;"윌리엄 에어스 "
7968;"류얼시 "
7969;"김나랑 "
7970;"김용진 "
7971;"장한업 "
7972;"이분희 "
7973;"엄태주 "
7974;"엘러리 퀸 "
7975;"이현아 "
7976;"톰 숀 "
7977;"디 퍼 "
7978;"카시와기 요시키 "
7979;"무르 래퍼티 "
7980;"프랜시스 호지슨 버넷 "
7981;"존 스토트 "
7982;"박상순 "
7983;"권정현 "
7984;"강지연"
7985;"크레이그 테일러 "
7986;"한은형 "
7987;"이상구 (옮긴이)"
7988;"홍진민 "
7989;"뇌부자들 "
7990;"이서수"
7991;"이라경 "
7992;"구인환 (엮은이)"
7993;"레나 모제 "
7994;"칼 벅스트롬"
7995;"야노 시호 "
7996;"이미애 "
7997;"박은아 "
7998;"웬들린 밴 드라닌 "
7999;"장영하 "
8000;"김미월"
8001;"단시엘 W. 모니즈 "
8002;"피터 스카지로 "
8003;"손홍규 "
8004;"애나 번스 "
8005;"모니카 비트블룸"
8006;"다니엘 튜더"
8007;"박파랑 "
8008;"스테퍼니 랜드 "
8009;"데이비드 발다치 "
8010;"김지연"
8011;"지강민 "
8012;"황진규 "
8013;"토머스 하디 "
8014;"김태권 "
8015;"고이케 마리코 "
8016;"프랜시스 하딩 "
8017;"키스 & 브룩 데저리크 "
8018;"고바야시 미키 "
8019;"하비어 아마도르 "
8020;"안드레이 학주"
8021;"김희준 "
8022;"스콧 슈만 "
8023;"조 메노스키 "
8024;"임택 "
8025;"양승화 "
8026;"앤서니 호로비츠 "
8027;"한수영 "
8028;"주디스 커 "
8029;"이치무라 마사키 "
8030;"히가시가와 도쿠야 "
8031;"이제니 "
8032;"김현종 "
8033;"아르토 파실린나 "
8034;"엘런 L. 워커 "
8035;"니시카와 미와 "
8036;"나심 니콜라스 탈레브 "
8037;"T. M. 로건 "
8038;"단지 "
8039;"왕가위"
8040;"이재진 "
8041;"아키요시 리카코 "
8042;"박민영 "
8043;"한기하 "
8044;"임선경 "
8045;"귀여니 "
8046;"하나자와 켄고 "
8047;"이재호 "
8048;"후지코 F. 후지오 "
8049;"정서경"
8050;"레이철 루이즈 스나이더 "
8051;"캐럴라인 줍 "
8052;"이지훈"
8053;"이정현 "
8054;"이보람 "
8055;"존 버거 "
8056;"이승연 "
8057;"정소현"
8058;"이세형 "
8059;"더글라스 스튜어트"
8060;"시가 아키라 "
8061;"모리미 토미히코 "
8062;"김남국 "
8063;"송윤 "
8064;"카나자와 노부아키 "
8065;"박문호 (엮은이)"
8066;"이하진 "
8067;"윤성근 "
8068;"애비게일 마시 "
8069;"우라사와 나오키 (그림)"
8070;"가토 다이조 "
8071;"이우일 "
8072;"야마다 유스케 "
8073;"오인칸 브레이스웨이트 "
8074;"방은선 "
8075;"존 파웰 "
8076;"라이더 캐롤 "
8077;"브래드 스톤 "
8078;"신아연 "
8079;"임소연 "
8080;"존 맥스웰 "
8081;"황도톨 "
8082;"외젠 이오네스코 "
8083;"장인성 "
8084;"안준철 "
8085;"시마모토 리오 "
8086;"오카 에리 "
8087;"패멀라 린던 트래버스 "
8088;"마야 리 랑그바드 "
8089;"제프리 디버 "
8090;"김수지 "
8091;"장 퇼레 "
8092;"김대일 "
8093;"조은 "
8094;"윤상욱 "
8095;"유리 슐레비츠 "
8096;"Randal E. Bryant "
8097;"오밤 이정현 "
8098;"강지희"
8099;"김우영 "
8100;"류량 "
8101;"김봉곤 "
8102;"캐롤 드웩 "
8103;"NAKAMURA SATOMI "
8104;"문광훈 "
8105;"임재원 "
8106;"아네마리 몰 "
8107;"김윤주 "
8108;"다케우치 슈지 "
8109;"휘트니 크로더스 딜리 "
8110;"임현주 "
8111;"김태원 "
8112;"시내암 "
8113;"강산들 "
8114;"마이클 커닝햄 "
8115;"오묘 "
8116;"앤 M. 마틴"
8117;"남쪽개미 스튜디오 "
8118;"안희제"
8119;"변진경 "
8120;"이노우에 마기 "
8121;"김홍 "
8122;"지미 팔미오티 "
8123;"데번 프라이스 "
8124;"루스 웨어 "
8125;"최용성 "
8126;"페드로 도밍고스 "
8127;"카와카미 테츠야 "
8128;"오세연 "
8129;"SUN 도슨트 "
8130;"John Romita"
8131;"에바 일루즈 "
8132;"송지나 "
8133;"호머 히컴 "
8134;"톰 클랜시 "
8135;"마티 케이건 "
8136;"앤 라이스 "
8137;"고트프리트 벤"
8138;"박진규 "
8139;"켄 키지 "
8140;"야마모리 미카 "
8141;"샌드박스네트워크 데이터랩"
8142;"키토 아야 "
8143;"이치다 노리코 "
8144;"호리에 다카후미 "
8145;"N. K. 제미신 "
8146;"다카하시 츠토무 "
8147;"아나톨 프랑스 "
8148;"루이스 월퍼트 "
8149;"오마르 "
8150;"문정희 "
8151;"진은영"
8152;"마르가레트 레이 (글)"
8153;"혜진양 "
8154;"다카하시 히로시 "
8155;"정회옥 "
8156;"박인서 (글)"
8157;"제러미 시겔 "
8158;"윤인완 "
8159;"후쿠다 신이치 "
8160;"라우라 비스뵈크 "
8161;"랄프 왈도 에머슨 "
8162;"샐리 M. 윈스턴"
8163;"왕기대 "
8164;"강창모 "
8165;"올소 "
8166;"나종호 "
8167;"아르노 그륀 "
8168;"리처드 마우 "
8169;"카롤린 엠케 "
8170;"사샤 아랑고 "
8171;"최정나 "
8172;"강은진 "
8173;"박민정 "
8174;"김영미 "
8175;"로저먼드 럽튼 "
8176;"신봉섭 "
8177;"이옥선"
8178;"장형주 "
8179;"한나 렌 "
8180;"토마시 예드로프스키 "
8181;"이케모토 가쓰유키 "
8182;"린 위탕 "
8183;"정웅지 "
8184;"다니엘 김 "
8185;"샌드라 거스 "
8186;"앨런 S. 밀러"
8187;"마틴 로이드 존스 "
8188;"존 그로건 "
8189;"김종삼 "
8190;"하가 "
8191;"워크룸 프레스 (엮은이)"
8192;"장으뜸"
8193;"김광석"
8194;"이창동 "
8195;"김상수 "
8196;"김귀현"
8197;"사샤 세이건 "
8198;"표국청"
8199;"심윤경 "
8200;"라이오넬 슈라이버 "
8201;"김재한 "
8202;"페터 빅셀 "
8203;"전봉관 "
8204;"샬럿 퍼킨스 길먼 "
8205;"콰야"
8206;"안채윤 "
8207;"야옹이 "
8208;"시노즈카 다카야 "
8209;"김동인 "
8210;"존 도어 "
8211;"알렉산드르 세르게비치 푸시킨 "
